X,Y,nom_dept,nom_com,id_com,date_debut,date_fin,nom_station,code_station,typologie,influence,nom_poll,id_poll_ue,unite,valeur,validite,validation,metrique,yl93,xl93,OBJECTID
742032.459854385,5653151.32493329,Savoie,Modane,73157,2021/01/01 00:00:00+00,2022/01/01 00:00:00+00,Modane Piscine,ET00697,Urbain,fond,dioxyde d'azote,8,µg/m³,12.4,t,t,annuelle,6462373.73152333,987724.564106044,1
742032.459854385,5653151.32493329,Savoie,Modane,73157,2022/01/01 00:00:00+00,2023/01/01 00:00:00+00,Modane Piscine,ET00697,Urbain,fond,dioxyde d'azote,8,µg/m³,0,f,f,annuelle,6462373.73152333,987724.564106044,2
535486.491773859,5671063.01610712,Isère,Chanas,38072,2023/01/01 00:00:00+00,2024/01/01 00:00:00+00,Sud Chanas,ET00818,Observation Spécifique,trafic,dioxyde d'azote,8,µg/m³,17.4,t,t,annuelle,6469898.75577547,841843.48885493,3
538445.543196233,5743963.55586953,Rhône,Lyon,69123,2019/01/01 00:00:00+00,2020/01/01 00:00:00+00,Lyon Tunnel Croix-Rousse Sortie Rhône,ET00906,Urbain,trafic,dioxyde d'azote,8,µg/m³,65,t,t,annuelle,6520868,842741,4
538445.543196233,5743963.55586953,Rhône,Lyon,69123,2020/01/01 00:00:00+00,2021/01/01 00:00:00+00,Lyon Tunnel Croix-Rousse Sortie Rhône,ET00906,Urbain,trafic,dioxyde d'azote,8,µg/m³,42.3,t,t,annuelle,6520868,842741,5
538445.543196233,5743963.55586953,Rhône,Lyon,69123,2021/01/01 00:00:00+00,2022/01/01 00:00:00+00,Lyon Tunnel Croix-Rousse Sortie Rhône,ET00906,Urbain,trafic,dioxyde d'azote,8,µg/m³,43.4,t,t,annuelle,6520868,842741,6
538445.543196233,5743963.55586953,Rhône,Lyon,69123,2022/01/01 00:00:00+00,2023/01/01 00:00:00+00,Lyon Tunnel Croix-Rousse Sortie Rhône,ET00906,Urbain,trafic,dioxyde d'azote,8,µg/m³,38.3,t,t,annuelle,6520868,842741,7
538445.543196233,5743963.55586953,Rhône,Lyon,69123,2023/01/01 00:00:00+00,2024/01/01 00:00:00+00,Lyon Tunnel Croix-Rousse Sortie Rhône,ET00906,Urbain,trafic,dioxyde d'azote,8,µg/m³,0,f,t,annuelle,6520868,842741,8
698146.086443027,5685755.53415994,Savoie,Saint-Rémy-de-Maurienne,73278,2023/01/01 00:00:00+00,2024/01/01 00:00:00+00,A43 Basse Maurienne,ET00948,Observation Spécifique,trafic,dioxyde d'azote,8,µg/m³,13.1,t,t,annuelle,6483872.84817231,955852.35386323,9
346630.289927118,5747922.36248726,Puy-de-Dôme,Clermont-Ferrand,63113,2019/01/01 00:00:00+00,2020/01/01 00:00:00+00,Montferrand,FR07004,Urbain,fond,dioxyde d'azote,8,µg/m³,18,t,t,annuelle,6521968,708842.3125,10
346630.289927118,5747922.36248726,Puy-de-Dôme,Clermont-Ferrand,63113,2020/01/01 00:00:00+00,2021/01/01 00:00:00+00,Montferrand,FR07004,Urbain,fond,dioxyde d'azote,8,µg/m³,15.6,t,t,annuelle,6521968,708842.3125,11
346630.289927118,5747922.36248726,Puy-de-Dôme,Clermont-Ferrand,63113,2021/01/01 00:00:00+00,2022/01/01 00:00:00+00,Montferrand,FR07004,Urbain,fond,dioxyde d'azote,8,µg/m³,15.1,t,t,annuelle,6521968,708842.3125,12
346630.289927118,5747922.36248726,Puy-de-Dôme,Clermont-Ferrand,63113,2022/01/01 00:00:00+00,2023/01/01 00:00:00+00,Montferrand,FR07004,Urbain,fond,dioxyde d'azote,8,µg/m³,16.5,t,t,annuelle,6521968,708842.3125,13
346630.289927118,5747922.36248726,Puy-de-Dôme,Clermont-Ferrand,63113,2023/01/01 00:00:00+00,2024/01/01 00:00:00+00,Montferrand,FR07004,Urbain,fond,dioxyde d'azote,8,µg/m³,13.8,t,t,annuelle,6521968,708842.3125,14
343698.955270471,5743913.44377796,Puy-de-Dôme,Clermont-Ferrand,63113,2019/01/01 00:00:00+00,2020/01/01 00:00:00+00,Jardin Lecoq,FR07009,Urbain,fond,dioxyde d'azote,8,µg/m³,19.2,t,t,annuelle,6519176.5,706799.9375,15
343698.955270471,5743913.44377796,Puy-de-Dôme,Clermont-Ferrand,63113,2020/01/01 00:00:00+00,2021/01/01 00:00:00+00,Jardin Lecoq,FR07009,Urbain,fond,dioxyde d'azote,8,µg/m³,16.2,t,t,annuelle,6519176.5,706799.9375,16
343698.955270471,5743913.44377796,Puy-de-Dôme,Clermont-Ferrand,63113,2021/01/01 00:00:00+00,2022/01/01 00:00:00+00,Jardin Lecoq,FR07009,Urbain,fond,dioxyde d'azote,8,µg/m³,16.1,t,t,annuelle,6519176.5,706799.9375,17
343698.955270471,5743913.44377796,Puy-de-Dôme,Clermont-Ferrand,63113,2022/01/01 00:00:00+00,2023/01/01 00:00:00+00,Jardin Lecoq,FR07009,Urbain,fond,dioxyde d'azote,8,µg/m³,17.2,t,t,annuelle,6519176.5,706799.9375,18
343698.955270471,5743913.44377796,Puy-de-Dôme,Clermont-Ferrand,63113,2023/01/01 00:00:00+00,2024/01/01 00:00:00+00,Jardin Lecoq,FR07009,Urbain,fond,dioxyde d'azote,8,µg/m³,14.7,t,t,annuelle,6519176.5,706799.9375,19
400855.301880948,5885588.79706476,Allier,Paray-le-Frésil,03203,2019/01/01 00:00:00+00,2020/01/01 00:00:00+00,Paray le Fresil,FR07022,Rural Régional,fond,dioxyde d'azote,8,µg/m³,3.7,t,t,annuelle,6617146.88136209,745956.67122153,20
400855.301880948,5885588.79706476,Allier,Paray-le-Frésil,03203,2020/01/01 00:00:00+00,2021/01/01 00:00:00+00,Paray le Fresil,FR07022,Rural Régional,fond,dioxyde d'azote,8,µg/m³,3,t,t,annuelle,6617146.88136209,745956.67122153,21
400855.301880948,5885588.79706476,Allier,Paray-le-Frésil,03203,2021/01/01 00:00:00+00,2022/01/01 00:00:00+00,Paray le Fresil,FR07022,Rural Régional,fond,dioxyde d'azote,8,µg/m³,2.5,t,t,annuelle,6617146.88136209,745956.67122153,22
400855.301880948,5885588.79706476,Allier,Paray-le-Frésil,03203,2022/01/01 00:00:00+00,2023/01/01 00:00:00+00,Paray le Fresil,FR07022,Rural Régional,fond,dioxyde d'azote,8,µg/m³,2.9,t,t,annuelle,6617146.88136209,745956.67122153,23
400855.301880948,5885588.79706476,Allier,Paray-le-Frésil,03203,2023/01/01 00:00:00+00,2024/01/01 00:00:00+00,Paray le Fresil,FR07022,Rural Régional,fond,dioxyde d'azote,8,µg/m³,3.1,t,t,annuelle,6617146.88136209,745956.67122153,24
346766.42526453,5763409.82304756,Puy-de-Dôme,Riom,63300,2019/01/01 00:00:00+00,2020/01/01 00:00:00+00,Riom,FR07032,Urbain,fond,dioxyde d'azote,8,µg/m³,,,,annuelle,6532730.5,708921.625,25
344672.981569561,5744477.11861009,Puy-de-Dôme,Clermont-Ferrand,63113,2019/01/01 00:00:00+00,2020/01/01 00:00:00+00,Clermont Esplanade Gare,FR07034,Urbain,trafic,dioxyde d'azote,8,µg/m³,33.6,t,t,annuelle,6519569.5,707479.4375,26
344672.981569561,5744477.11861009,Puy-de-Dôme,Clermont-Ferrand,63113,2020/01/01 00:00:00+00,2021/01/01 00:00:00+00,Clermont Esplanade Gare,FR07034,Urbain,trafic,dioxyde d'azote,8,µg/m³,29,t,t,annuelle,6519569.5,707479.4375,27
344672.981569561,5744477.11861009,Puy-de-Dôme,Clermont-Ferrand,63113,2021/01/01 00:00:00+00,2022/01/01 00:00:00+00,Clermont Esplanade Gare,FR07034,Urbain,trafic,dioxyde d'azote,8,µg/m³,27.9,t,t,annuelle,6519569.5,707479.4375,28
344672.981569561,5744477.11861009,Puy-de-Dôme,Clermont-Ferrand,63113,2022/01/01 00:00:00+00,2023/01/01 00:00:00+00,Clermont Esplanade Gare,FR07034,Urbain,trafic,dioxyde d'azote,8,µg/m³,28.9,t,t,annuelle,6519569.5,707479.4375,29
344672.981569561,5744477.11861009,Puy-de-Dôme,Clermont-Ferrand,63113,2023/01/01 00:00:00+00,2024/01/01 00:00:00+00,Clermont Esplanade Gare,FR07034,Urbain,trafic,dioxyde d'azote,8,µg/m³,26.3,t,t,annuelle,6519569.5,707479.4375,30
340968.523339589,5744329.95830083,Puy-de-Dôme,Chamalières,63075,2019/01/01 00:00:00+00,2020/01/01 00:00:00+00,Chamalières Europe,FR07039,Urbain,trafic,dioxyde d'azote,8,µg/m³,27.8,t,t,annuelle,6519464.5,704893.5625,31
340968.523339589,5744329.95830083,Puy-de-Dôme,Chamalières,63075,2020/01/01 00:00:00+00,2021/01/01 00:00:00+00,Chamalières Europe,FR07039,Urbain,trafic,dioxyde d'azote,8,µg/m³,21.8,t,t,annuelle,6519464.5,704893.5625,32
340968.523339589,5744329.95830083,Puy-de-Dôme,Chamalières,63075,2021/01/01 00:00:00+00,2022/01/01 00:00:00+00,Chamalières Europe,FR07039,Urbain,trafic,dioxyde d'azote,8,µg/m³,23.5,t,t,annuelle,6519464.5,704893.5625,33
340968.523339589,5744329.95830083,Puy-de-Dôme,Chamalières,63075,2022/01/01 00:00:00+00,2023/01/01 00:00:00+00,Chamalières Europe,FR07039,Urbain,trafic,dioxyde d'azote,8,µg/m³,24.1,t,t,annuelle,6519464.5,704893.5625,34
340968.523339589,5744329.95830083,Puy-de-Dôme,Chamalières,63075,2023/01/01 00:00:00+00,2024/01/01 00:00:00+00,Chamalières Europe,FR07039,Urbain,trafic,dioxyde d'azote,8,µg/m³,0,f,f,annuelle,6519464.5,704893.5625,35
349846.235899272,5745753.49333235,Puy-de-Dôme,Clermont-Ferrand,63113,2019/01/01 00:00:00+00,2020/01/01 00:00:00+00,Site autoroutier A71,FR07042,Péri Urbain,trafic,dioxyde d'azote,8,µg/m³,34,t,t,annuelle,6520462.98205916,711089.103512506,36
349846.235899272,5745753.49333235,Puy-de-Dôme,Clermont-Ferrand,63113,2020/01/01 00:00:00+00,2021/01/01 00:00:00+00,Site autoroutier A71,FR07042,Péri Urbain,trafic,dioxyde d'azote,8,µg/m³,25.6,t,t,annuelle,6520462.98205916,711089.103512506,37
349846.235899272,5745753.49333235,Puy-de-Dôme,Clermont-Ferrand,63113,2021/01/01 00:00:00+00,2022/01/01 00:00:00+00,Site autoroutier A71,FR07042,Péri Urbain,trafic,dioxyde d'azote,8,µg/m³,24.1,t,t,annuelle,6520462.98205916,711089.103512506,38
349846.235899272,5745753.49333235,Puy-de-Dôme,Clermont-Ferrand,63113,2022/01/01 00:00:00+00,2023/01/01 00:00:00+00,Site autoroutier A71,FR07042,Péri Urbain,trafic,dioxyde d'azote,8,µg/m³,23.9,t,t,annuelle,6520462.98205916,711089.103512506,39
349846.235899272,5745753.49333235,Puy-de-Dôme,Clermont-Ferrand,63113,2023/01/01 00:00:00+00,2024/01/01 00:00:00+00,Site autoroutier A71,FR07042,Péri Urbain,trafic,dioxyde d'azote,8,µg/m³,20,f,t,annuelle,6520462.98205916,711089.103512506,40
361711.674228312,5886600.66885526,Allier,Villeneuve-sur-Allier,03316,2019/01/01 00:00:00+00,2020/01/01 00:00:00+00,Villeneuve-sur-Allier,FR07048,Rural Proche,trafic,dioxyde d'azote,8,µg/m³,31.1,t,t,annuelle,6617695,719063.8125,41
361711.674228312,5886600.66885526,Allier,Villeneuve-sur-Allier,03316,2020/01/01 00:00:00+00,2021/01/01 00:00:00+00,Villeneuve-sur-Allier,FR07048,Rural Proche,trafic,dioxyde d'azote,8,µg/m³,9.5,t,t,annuelle,6617695,719063.8125,42
361711.674228312,5886600.66885526,Allier,Villeneuve-sur-Allier,03316,2021/01/01 00:00:00+00,2022/01/01 00:00:00+00,Villeneuve-sur-Allier,FR07048,Rural Proche,trafic,dioxyde d'azote,8,µg/m³,0,f,f,annuelle,6617695,719063.8125,43
351345.957905361,5743310.74598023,Puy-de-Dôme,Clermont-Ferrand,63113,2019/01/01 00:00:00+00,2020/01/01 00:00:00+00,Beaulieu,FR07051,Péri Urbain,industrielle,dioxyde d'azote,8,µg/m³,12.9,t,t,annuelle,6518765.34947664,712139.217721603,44
351345.957905361,5743310.74598023,Puy-de-Dôme,Clermont-Ferrand,63113,2020/01/01 00:00:00+00,2021/01/01 00:00:00+00,Beaulieu,FR07051,Péri Urbain,industrielle,dioxyde d'azote,8,µg/m³,10.4,t,t,annuelle,6518765.34947664,712139.217721603,45
351345.957905361,5743310.74598023,Puy-de-Dôme,Clermont-Ferrand,63113,2021/01/01 00:00:00+00,2022/01/01 00:00:00+00,Beaulieu,FR07051,Péri Urbain,industrielle,dioxyde d'azote,8,µg/m³,10.6,t,t,annuelle,6518765.34947664,712139.217721603,46
351345.957905361,5743310.74598023,Puy-de-Dôme,Clermont-Ferrand,63113,2022/01/01 00:00:00+00,2023/01/01 00:00:00+00,Beaulieu,FR07051,Péri Urbain,industrielle,dioxyde d'azote,8,µg/m³,10.4,t,t,annuelle,6518765.34947664,712139.217721603,47
351345.957905361,5743310.74598023,Puy-de-Dôme,Clermont-Ferrand,63113,2023/01/01 00:00:00+00,2024/01/01 00:00:00+00,Beaulieu,FR07051,Péri Urbain,industrielle,dioxyde d'azote,8,µg/m³,9.7,f,t,annuelle,6518765.34947664,712139.217721603,48
271739.972107889,5608948.23713955,Cantal,Aurillac,15014,2019/01/01 00:00:00+00,2020/01/01 00:00:00+00,Aurillac Lagarde,FR07052,Urbain,fond,dioxyde d'azote,8,µg/m³,9.4,t,t,annuelle,6424698.5,655895.125,49
271739.972107889,5608948.23713955,Cantal,Aurillac,15014,2020/01/01 00:00:00+00,2021/01/01 00:00:00+00,Aurillac Lagarde,FR07052,Urbain,fond,dioxyde d'azote,8,µg/m³,7.6,t,t,annuelle,6424698.5,655895.125,50
271739.972107889,5608948.23713955,Cantal,Aurillac,15014,2021/01/01 00:00:00+00,2022/01/01 00:00:00+00,Aurillac Lagarde,FR07052,Urbain,fond,dioxyde d'azote,8,µg/m³,8.1,t,t,annuelle,6424698.5,655895.125,51
271739.972107889,5608948.23713955,Cantal,Aurillac,15014,2022/01/01 00:00:00+00,2023/01/01 00:00:00+00,Aurillac Lagarde,FR07052,Urbain,fond,dioxyde d'azote,8,µg/m³,7.5,t,t,annuelle,6424698.5,655895.125,52
271739.972107889,5608948.23713955,Cantal,Aurillac,15014,2023/01/01 00:00:00+00,2024/01/01 00:00:00+00,Aurillac Lagarde,FR07052,Urbain,fond,dioxyde d'azote,8,µg/m³,6.4,t,t,annuelle,6424698.5,655895.125,53
346380.815832017,5745233.03269986,Puy-de-Dôme,Clermont-Ferrand,63113,2019/01/01 00:00:00+00,2020/01/01 00:00:00+00,Edouard Michelin,FR07053,Urbain,trafic,dioxyde d'azote,8,µg/m³,33.1,t,t,annuelle,6520097,708670.875,54
346380.815832017,5745233.03269986,Puy-de-Dôme,Clermont-Ferrand,63113,2020/01/01 00:00:00+00,2021/01/01 00:00:00+00,Edouard Michelin,FR07053,Urbain,trafic,dioxyde d'azote,8,µg/m³,26.7,t,t,annuelle,6520097,708670.875,55
346380.815832017,5745233.03269986,Puy-de-Dôme,Clermont-Ferrand,63113,2021/01/01 00:00:00+00,2022/01/01 00:00:00+00,Edouard Michelin,FR07053,Urbain,trafic,dioxyde d'azote,8,µg/m³,26.1,t,t,annuelle,6520097,708670.875,56
346380.815832017,5745233.03269986,Puy-de-Dôme,Clermont-Ferrand,63113,2022/01/01 00:00:00+00,2023/01/01 00:00:00+00,Edouard Michelin,FR07053,Urbain,trafic,dioxyde d'azote,8,µg/m³,26.6,t,t,annuelle,6520097,708670.875,57
346380.815832017,5745233.03269986,Puy-de-Dôme,Clermont-Ferrand,63113,2023/01/01 00:00:00+00,2024/01/01 00:00:00+00,Edouard Michelin,FR07053,Urbain,trafic,dioxyde d'azote,8,µg/m³,23,t,t,annuelle,6520097,708670.875,58
432651.438610376,5627610.71189011,Haute-Loire,Le Puy-en-Velay,43157,2019/01/01 00:00:00+00,2020/01/01 00:00:00+00,Le Puy Causans,FR07054,Urbain,fond,dioxyde d'azote,8,µg/m³,13.7,t,t,annuelle,6438105.31754584,769811.793336629,59
432651.438610376,5627610.71189011,Haute-Loire,Le Puy-en-Velay,43157,2020/01/01 00:00:00+00,2021/01/01 00:00:00+00,Le Puy Causans,FR07054,Urbain,fond,dioxyde d'azote,8,µg/m³,11.7,t,t,annuelle,6438105.31754584,769811.793336629,60
432651.438610376,5627610.71189011,Haute-Loire,Le Puy-en-Velay,43157,2021/01/01 00:00:00+00,2022/01/01 00:00:00+00,Le Puy Causans,FR07054,Urbain,fond,dioxyde d'azote,8,µg/m³,10.6,t,t,annuelle,6438105.31754584,769811.793336629,61
432651.438610376,5627610.71189011,Haute-Loire,Le Puy-en-Velay,43157,2022/01/01 00:00:00+00,2023/01/01 00:00:00+00,Le Puy Causans,FR07054,Urbain,fond,dioxyde d'azote,8,µg/m³,12.2,t,t,annuelle,6438105.31754584,769811.793336629,62
432651.438610376,5627610.71189011,Haute-Loire,Le Puy-en-Velay,43157,2023/01/01 00:00:00+00,2024/01/01 00:00:00+00,Le Puy Causans,FR07054,Urbain,fond,dioxyde d'azote,8,µg/m³,9.9,t,t,annuelle,6438105.31754584,769811.793336629,63
371878.235419388,5870868.04801899,Allier,Moulins,03190,2019/01/01 00:00:00+00,2020/01/01 00:00:00+00,Moulins Centre,FR07057,Urbain,fond,dioxyde d'azote,8,µg/m³,11.2,t,t,annuelle,6606939,726093.75,64
371878.235419388,5870868.04801899,Allier,Moulins,03190,2020/01/01 00:00:00+00,2021/01/01 00:00:00+00,Moulins Centre,FR07057,Urbain,fond,dioxyde d'azote,8,µg/m³,10.6,t,t,annuelle,6606939,726093.75,65
371878.235419388,5870868.04801899,Allier,Moulins,03190,2021/01/01 00:00:00+00,2022/01/01 00:00:00+00,Moulins Centre,FR07057,Urbain,fond,dioxyde d'azote,8,µg/m³,9.4,t,t,annuelle,6606939,726093.75,66
371878.235419388,5870868.04801899,Allier,Moulins,03190,2022/01/01 00:00:00+00,2023/01/01 00:00:00+00,Moulins Centre,FR07057,Urbain,fond,dioxyde d'azote,8,µg/m³,9.8,t,t,annuelle,6606939,726093.75,67
371878.235419388,5870868.04801899,Allier,Moulins,03190,2023/01/01 00:00:00+00,2024/01/01 00:00:00+00,Moulins Centre,FR07057,Urbain,fond,dioxyde d'azote,8,µg/m³,9.1,t,t,annuelle,6606939,726093.75,68
288756.66500714,5835118.85318712,Allier,Montluçon,03185,2019/01/01 00:00:00+00,2020/01/01 00:00:00+00,Montluçon,FR07058,Urbain,fond,dioxyde d'azote,8,µg/m³,14.9,t,t,annuelle,6582391.5,668768.9375,69
288756.66500714,5835118.85318712,Allier,Montluçon,03185,2020/01/01 00:00:00+00,2021/01/01 00:00:00+00,Montluçon,FR07058,Urbain,fond,dioxyde d'azote,8,µg/m³,12.2,t,t,annuelle,6582391.5,668768.9375,70
288756.66500714,5835118.85318712,Allier,Montluçon,03185,2021/01/01 00:00:00+00,2022/01/01 00:00:00+00,Montluçon,FR07058,Urbain,fond,dioxyde d'azote,8,µg/m³,12.6,t,t,annuelle,6582391.5,668768.9375,71
288756.66500714,5835118.85318712,Allier,Montluçon,03185,2022/01/01 00:00:00+00,2023/01/01 00:00:00+00,Montluçon,FR07058,Urbain,fond,dioxyde d'azote,8,µg/m³,12.6,t,t,annuelle,6582391.5,668768.9375,72
288756.66500714,5835118.85318712,Allier,Montluçon,03185,2023/01/01 00:00:00+00,2024/01/01 00:00:00+00,Montluçon,FR07058,Urbain,fond,dioxyde d'azote,8,µg/m³,10.9,t,t,annuelle,6582391.5,668768.9375,73
381345.838150521,5801275.73100545,Allier,Vichy,03310,2019/01/01 00:00:00+00,2020/01/01 00:00:00+00,Vichy,FR07059,Urbain,fond,dioxyde d'azote,8,µg/m³,13.3,t,t,annuelle,6559047,732867,74
381345.838150521,5801275.73100545,Allier,Vichy,03310,2020/01/01 00:00:00+00,2021/01/01 00:00:00+00,Vichy,FR07059,Urbain,fond,dioxyde d'azote,8,µg/m³,12.1,t,t,annuelle,6559047,732867,75
381345.838150521,5801275.73100545,Allier,Vichy,03310,2021/01/01 00:00:00+00,2022/01/01 00:00:00+00,Vichy,FR07059,Urbain,fond,dioxyde d'azote,8,µg/m³,11.2,t,t,annuelle,6559047,732867,76
381345.838150521,5801275.73100545,Allier,Vichy,03310,2022/01/01 00:00:00+00,2023/01/01 00:00:00+00,Vichy,FR07059,Urbain,fond,dioxyde d'azote,8,µg/m³,12.1,t,t,annuelle,6559047,732867,77
381345.838150521,5801275.73100545,Allier,Vichy,03310,2023/01/01 00:00:00+00,2024/01/01 00:00:00+00,Vichy,FR07059,Urbain,fond,dioxyde d'azote,8,µg/m³,9.9,t,t,annuelle,6559047,732867,78
339091.578199509,5742628.33850322,Puy-de-Dôme,Royat,63308,2019/01/01 00:00:00+00,2020/01/01 00:00:00+00,Royat Périurbaine,FR07060,Péri Urbain,fond,dioxyde d'azote,8,µg/m³,9.1,t,t,annuelle,6518279.5,703584,79
339091.578199509,5742628.33850322,Puy-de-Dôme,Royat,63308,2020/01/01 00:00:00+00,2021/01/01 00:00:00+00,Royat Périurbaine,FR07060,Péri Urbain,fond,dioxyde d'azote,8,µg/m³,8.4,t,t,annuelle,6518279.5,703584,80
339091.578199509,5742628.33850322,Puy-de-Dôme,Royat,63308,2021/01/01 00:00:00+00,2022/01/01 00:00:00+00,Royat Périurbaine,FR07060,Péri Urbain,fond,dioxyde d'azote,8,µg/m³,8.2,t,t,annuelle,6518279.5,703584,81
339091.578199509,5742628.33850322,Puy-de-Dôme,Royat,63308,2022/01/01 00:00:00+00,2023/01/01 00:00:00+00,Royat Périurbaine,FR07060,Péri Urbain,fond,dioxyde d'azote,8,µg/m³,7.1,t,t,annuelle,6518279.5,703584,82
339091.578199509,5742628.33850322,Puy-de-Dôme,Royat,63308,2023/01/01 00:00:00+00,2024/01/01 00:00:00+00,Royat Périurbaine,FR07060,Péri Urbain,fond,dioxyde d'azote,8,µg/m³,6.5,t,t,annuelle,6518279.5,703584,83
347558.605237902,5763812.6412128,Puy-de-Dôme,Riom,63300,2020/01/01 00:00:00+00,2021/01/01 00:00:00+00,Riom Périurbaine,FR07061,Péri Urbain,fond,dioxyde d'azote,8,µg/m³,10.7,t,t,annuelle,6533011,709473,84
347558.605237902,5763812.6412128,Puy-de-Dôme,Riom,63300,2021/01/01 00:00:00+00,2022/01/01 00:00:00+00,Riom Périurbaine,FR07061,Péri Urbain,fond,dioxyde d'azote,8,µg/m³,10.3,t,t,annuelle,6533011,709473,85
347558.605237902,5763812.6412128,Puy-de-Dôme,Riom,63300,2022/01/01 00:00:00+00,2023/01/01 00:00:00+00,Riom Périurbaine,FR07061,Péri Urbain,fond,dioxyde d'azote,8,µg/m³,11.7,t,t,annuelle,6533011,709473,86
347558.605237902,5763812.6412128,Puy-de-Dôme,Riom,63300,2023/01/01 00:00:00+00,2024/01/01 00:00:00+00,Riom Périurbaine,FR07061,Péri Urbain,fond,dioxyde d'azote,8,µg/m³,9.7,t,t,annuelle,6533011,709473,87
637710.703343833,5634052.23324172,Isère,Champ-sur-Drac,38071,2019/01/01 00:00:00+00,2020/01/01 00:00:00+00,Champ-sur-Drac,FR15013,Péri Urbain,fond,dioxyde d'azote,8,µg/m³,14.5,t,t,annuelle,6445962.5,914668.125,88
637710.703343833,5634052.23324172,Isère,Champ-sur-Drac,38071,2020/01/01 00:00:00+00,2021/01/01 00:00:00+00,Champ-sur-Drac,FR15013,Péri Urbain,fond,dioxyde d'azote,8,µg/m³,12.6,t,t,annuelle,6445962.5,914668.125,89
637710.703343833,5634052.23324172,Isère,Champ-sur-Drac,38071,2021/01/01 00:00:00+00,2022/01/01 00:00:00+00,Champ-sur-Drac,FR15013,Péri Urbain,fond,dioxyde d'azote,8,µg/m³,12.3,t,t,annuelle,6445962.5,914668.125,90
637710.703343833,5634052.23324172,Isère,Champ-sur-Drac,38071,2022/01/01 00:00:00+00,2023/01/01 00:00:00+00,Champ-sur-Drac,FR15013,Péri Urbain,fond,dioxyde d'azote,8,µg/m³,12.8,t,t,annuelle,6445962.5,914668.125,91
637710.703343833,5634052.23324172,Isère,Champ-sur-Drac,38071,2023/01/01 00:00:00+00,2024/01/01 00:00:00+00,Champ-sur-Drac,FR15013,Péri Urbain,fond,dioxyde d'azote,8,µg/m³,11.1,t,t,annuelle,6445962.5,914668.125,92
622211.27191235,5678403.24711295,Isère,Voiron,38563,2019/01/01 00:00:00+00,2020/01/01 00:00:00+00,Voiron Urbain,FR15018,Urbain,fond,dioxyde d'azote,8,µg/m³,18.3,t,t,annuelle,6476744,902696.5,93
622211.27191235,5678403.24711295,Isère,Voiron,38563,2020/01/01 00:00:00+00,2021/01/01 00:00:00+00,Voiron Urbain,FR15018,Urbain,fond,dioxyde d'azote,8,µg/m³,14.3,t,t,annuelle,6476744,902696.5,94
622211.27191235,5678403.24711295,Isère,Voiron,38563,2021/01/01 00:00:00+00,2022/01/01 00:00:00+00,Voiron Urbain,FR15018,Urbain,fond,dioxyde d'azote,8,µg/m³,14.6,t,t,annuelle,6476744,902696.5,95
622211.27191235,5678403.24711295,Isère,Voiron,38563,2022/01/01 00:00:00+00,2023/01/01 00:00:00+00,Voiron Urbain,FR15018,Urbain,fond,dioxyde d'azote,8,µg/m³,14.1,t,t,annuelle,6476744,902696.5,96
622211.27191235,5678403.24711295,Isère,Voiron,38563,2023/01/01 00:00:00+00,2024/01/01 00:00:00+00,Voiron Urbain,FR15018,Urbain,fond,dioxyde d'azote,8,µg/m³,12.7,t,t,annuelle,6476744,902696.5,97
640432.137031805,5650345.81447663,Isère,Saint-Martin-d'Hères,38421,2019/01/01 00:00:00+00,2020/01/01 00:00:00+00,St-Martin-d'Hères,FR15038,Urbain,fond,dioxyde d'azote,8,µg/m³,21.9,t,t,annuelle,6457490.5,916190.875,98
640432.137031805,5650345.81447663,Isère,Saint-Martin-d'Hères,38421,2020/01/01 00:00:00+00,2021/01/01 00:00:00+00,St-Martin-d'Hères,FR15038,Urbain,fond,dioxyde d'azote,8,µg/m³,19.5,t,t,annuelle,6457490.5,916190.875,99
640432.137031805,5650345.81447663,Isère,Saint-Martin-d'Hères,38421,2021/01/01 00:00:00+00,2022/01/01 00:00:00+00,St-Martin-d'Hères,FR15038,Urbain,fond,dioxyde d'azote,8,µg/m³,17.6,t,t,annuelle,6457490.5,916190.875,100
640432.137031805,5650345.81447663,Isère,Saint-Martin-d'Hères,38421,2022/01/01 00:00:00+00,2023/01/01 00:00:00+00,St-Martin-d'Hères,FR15038,Urbain,fond,dioxyde d'azote,8,µg/m³,18.9,t,t,annuelle,6457490.5,916190.875,101
640432.137031805,5650345.81447663,Isère,Saint-Martin-d'Hères,38421,2023/01/01 00:00:00+00,2024/01/01 00:00:00+00,St-Martin-d'Hères,FR15038,Urbain,fond,dioxyde d'azote,8,µg/m³,16.4,t,t,annuelle,6457490.5,916190.875,102
634940.047504982,5646486.85083033,Isère,Échirolles,38151,2019/01/01 00:00:00+00,2020/01/01 00:00:00+00,Grenoble Rocade Sud,FR15039,Urbain,trafic,dioxyde d'azote,8,µg/m³,37.5,t,t,annuelle,6454644,912411.125,103
634940.047504982,5646486.85083033,Isère,Échirolles,38151,2020/01/01 00:00:00+00,2021/01/01 00:00:00+00,Grenoble Rocade Sud,FR15039,Urbain,trafic,dioxyde d'azote,8,µg/m³,29.7,t,t,annuelle,6454644,912411.125,104
638484.0623819,5647045.62656145,Isère,Grenoble,38185,2019/01/01 00:00:00+00,2020/01/01 00:00:00+00,Grenoble les Frênes,FR15043,Urbain,fond,dioxyde d'azote,8,µg/m³,18.6,t,t,annuelle,6455123,914897.625,105
638484.0623819,5647045.62656145,Isère,Grenoble,38185,2020/01/01 00:00:00+00,2021/01/01 00:00:00+00,Grenoble les Frênes,FR15043,Urbain,fond,dioxyde d'azote,8,µg/m³,16.3,t,t,annuelle,6455123,914897.625,106
638484.0623819,5647045.62656145,Isère,Grenoble,38185,2021/01/01 00:00:00+00,2022/01/01 00:00:00+00,Grenoble les Frênes,FR15043,Urbain,fond,dioxyde d'azote,8,µg/m³,14.3,t,t,annuelle,6455123,914897.625,107
638484.0623819,5647045.62656145,Isère,Grenoble,38185,2022/01/01 00:00:00+00,2023/01/01 00:00:00+00,Grenoble les Frênes,FR15043,Urbain,fond,dioxyde d'azote,8,µg/m³,13.5,t,t,annuelle,6455123,914897.625,108
638484.0623819,5647045.62656145,Isère,Grenoble,38185,2023/01/01 00:00:00+00,2024/01/01 00:00:00+00,Grenoble les Frênes,FR15043,Urbain,fond,dioxyde d'azote,8,µg/m³,14,t,t,annuelle,6455123,914897.625,109
631949.283325862,5630662.71436885,Isère,Vif,38545,2019/01/01 00:00:00+00,2020/01/01 00:00:00+00,Grenoble Periurbain Sud,FR15045,Péri Urbain,fond,dioxyde d'azote,8,µg/m³,9.6,t,t,annuelle,6443436.14947453,910678.934439723,110
631949.283325862,5630662.71436885,Isère,Vif,38545,2020/01/01 00:00:00+00,2021/01/01 00:00:00+00,Grenoble Periurbain Sud,FR15045,Péri Urbain,fond,dioxyde d'azote,8,µg/m³,8.1,t,t,annuelle,6443436.14947453,910678.934439723,111
631949.283325862,5630662.71436885,Isère,Vif,38545,2021/01/01 00:00:00+00,2022/01/01 00:00:00+00,Grenoble Periurbain Sud,FR15045,Péri Urbain,fond,dioxyde d'azote,8,µg/m³,8.8,t,t,annuelle,6443436.14947453,910678.934439723,112
631949.283325862,5630662.71436885,Isère,Vif,38545,2022/01/01 00:00:00+00,2023/01/01 00:00:00+00,Grenoble Periurbain Sud,FR15045,Péri Urbain,fond,dioxyde d'azote,8,µg/m³,9,t,t,annuelle,6443436.14947453,910678.934439723,113
631949.283325862,5630662.71436885,Isère,Vif,38545,2023/01/01 00:00:00+00,2024/01/01 00:00:00+00,Grenoble Periurbain Sud,FR15045,Péri Urbain,fond,dioxyde d'azote,8,µg/m³,7.4,t,t,annuelle,6443436.14947453,910678.934439723,114
636817.03100644,5650012.70199688,Isère,Grenoble,38185,2019/01/01 00:00:00+00,2020/01/01 00:00:00+00,Grenoble Boulevards,FR15046,Urbain,trafic,dioxyde d'azote,8,µg/m³,41.4,t,t,annuelle,6457168,913649.8125,115
636817.03100644,5650012.70199688,Isère,Grenoble,38185,2020/01/01 00:00:00+00,2021/01/01 00:00:00+00,Grenoble Boulevards,FR15046,Urbain,trafic,dioxyde d'azote,8,µg/m³,37.6,t,t,annuelle,6457168,913649.8125,116
636817.03100644,5650012.70199688,Isère,Grenoble,38185,2021/01/01 00:00:00+00,2022/01/01 00:00:00+00,Grenoble Boulevards,FR15046,Urbain,trafic,dioxyde d'azote,8,µg/m³,30.7,f,t,annuelle,6457168,913649.8125,117
636817.03100644,5650012.70199688,Isère,Grenoble,38185,2022/01/01 00:00:00+00,2023/01/01 00:00:00+00,Grenoble Boulevards,FR15046,Urbain,trafic,dioxyde d'azote,8,µg/m³,32.6,t,t,annuelle,6457168,913649.8125,118
636817.03100644,5650012.70199688,Isère,Grenoble,38185,2023/01/01 00:00:00+00,2024/01/01 00:00:00+00,Grenoble Boulevards,FR15046,Urbain,trafic,dioxyde d'azote,8,µg/m³,29.3,t,t,annuelle,6457168,913649.8125,119
654803.467945905,5665662.46412492,Isère,Crolles,38140,2019/01/01 00:00:00+00,2020/01/01 00:00:00+00,Gresivaudan Periurbain,FR15048,Péri Urbain,fond,dioxyde d'azote,8,µg/m³,14.6,t,t,annuelle,6468606.5,925931.5,120
654803.467945905,5665662.46412492,Isère,Crolles,38140,2020/01/01 00:00:00+00,2021/01/01 00:00:00+00,Gresivaudan Periurbain,FR15048,Péri Urbain,fond,dioxyde d'azote,8,µg/m³,12.7,t,t,annuelle,6468606.5,925931.5,121
654803.467945905,5665662.46412492,Isère,Crolles,38140,2021/01/01 00:00:00+00,2022/01/01 00:00:00+00,Gresivaudan Periurbain,FR15048,Péri Urbain,fond,dioxyde d'azote,8,µg/m³,13.6,t,t,annuelle,6468606.5,925931.5,122
654803.467945905,5665662.46412492,Isère,Crolles,38140,2022/01/01 00:00:00+00,2023/01/01 00:00:00+00,Gresivaudan Periurbain,FR15048,Péri Urbain,fond,dioxyde d'azote,8,µg/m³,12.9,t,t,annuelle,6468606.5,925931.5,123
654803.467945905,5665662.46412492,Isère,Crolles,38140,2023/01/01 00:00:00+00,2024/01/01 00:00:00+00,Gresivaudan Periurbain,FR15048,Péri Urbain,fond,dioxyde d'azote,8,µg/m³,10.8,t,t,annuelle,6468606.5,925931.5,124
637323.759515544,5650430.56747971,Isère,Grenoble,38185,2019/01/01 00:00:00+00,2020/01/01 00:00:00+00,Caserne de Bonne Parc,FR15049,Urbain,fond,dioxyde d'azote,8,µg/m³,25.3,t,t,annuelle,6457474,913997,125
637323.759515544,5650430.56747971,Isère,Grenoble,38185,2020/01/01 00:00:00+00,2021/01/01 00:00:00+00,Caserne de Bonne Parc,FR15049,Urbain,fond,dioxyde d'azote,8,µg/m³,19.4,t,t,annuelle,6457474,913997,126
637323.759515544,5650430.56747971,Isère,Grenoble,38185,2021/01/01 00:00:00+00,2022/01/01 00:00:00+00,Caserne de Bonne Parc,FR15049,Urbain,fond,dioxyde d'azote,8,µg/m³,19.1,t,t,annuelle,6457474,913997,127
637323.759515544,5650430.56747971,Isère,Grenoble,38185,2022/01/01 00:00:00+00,2023/01/01 00:00:00+00,Caserne de Bonne Parc,FR15049,Urbain,fond,dioxyde d'azote,8,µg/m³,0,f,f,annuelle,6457474,913997,128
639555.521492785,5645905.32987118,Isère,Eybens,38158,2021/01/01 00:00:00+00,2022/01/01 00:00:00+00,Rocade Sud Eybens,FR15053,Urbain,trafic,dioxyde d'azote,8,µg/m³,31.6,t,t,annuelle,6454347.51633003,915681.312317726,129
639555.521492785,5645905.32987118,Isère,Eybens,38158,2022/01/01 00:00:00+00,2023/01/01 00:00:00+00,Rocade Sud Eybens,FR15053,Urbain,trafic,dioxyde d'azote,8,µg/m³,32,t,t,annuelle,6454347.51633003,915681.312317726,130
639555.521492785,5645905.32987118,Isère,Eybens,38158,2023/01/01 00:00:00+00,2024/01/01 00:00:00+00,Rocade Sud Eybens,FR15053,Urbain,trafic,dioxyde d'azote,8,µg/m³,30,t,t,annuelle,6454347.51633003,915681.312317726,131
536348.32727158,5735638.23837749,Rhône,La Mulatière,69142,2019/01/01 00:00:00+00,2020/01/01 00:00:00+00,A7 Sud Lyonnais,FR20013,Péri Urbain,trafic,dioxyde d'azote,8,µg/m³,52.6,t,t,annuelle,6515039.96811026,841410.743797277,132
536348.32727158,5735638.23837749,Rhône,La Mulatière,69142,2020/01/01 00:00:00+00,2021/01/01 00:00:00+00,A7 Sud Lyonnais,FR20013,Péri Urbain,trafic,dioxyde d'azote,8,µg/m³,40.6,t,t,annuelle,6515039.96811026,841410.743797277,133
536348.32727158,5735638.23837749,Rhône,La Mulatière,69142,2021/01/01 00:00:00+00,2022/01/01 00:00:00+00,A7 Sud Lyonnais,FR20013,Péri Urbain,trafic,dioxyde d'azote,8,µg/m³,38.5,t,t,annuelle,6515039.96811026,841410.743797277,134
536348.32727158,5735638.23837749,Rhône,La Mulatière,69142,2022/01/01 00:00:00+00,2023/01/01 00:00:00+00,A7 Sud Lyonnais,FR20013,Péri Urbain,trafic,dioxyde d'azote,8,µg/m³,37.5,t,t,annuelle,6515039.96811026,841410.743797277,135
536348.32727158,5735638.23837749,Rhône,La Mulatière,69142,2023/01/01 00:00:00+00,2024/01/01 00:00:00+00,A7 Sud Lyonnais,FR20013,Péri Urbain,trafic,dioxyde d'azote,8,µg/m³,34.5,t,t,annuelle,6515039.96811026,841410.743797277,136
537650.229844088,5738030.54754505,Rhône,Lyon,69123,2019/01/01 00:00:00+00,2020/01/01 00:00:00+00,Lyon Gerland,FR20017,Urbain,fond,dioxyde d'azote,8,µg/m³,29.3,t,t,annuelle,6516726.5,842281.625,137
537650.229844088,5738030.54754505,Rhône,Lyon,69123,2020/01/01 00:00:00+00,2021/01/01 00:00:00+00,Lyon Gerland,FR20017,Urbain,fond,dioxyde d'azote,8,µg/m³,22.9,t,t,annuelle,6516726.5,842281.625,138
537650.229844088,5738030.54754505,Rhône,Lyon,69123,2021/01/01 00:00:00+00,2022/01/01 00:00:00+00,Lyon Gerland,FR20017,Urbain,fond,dioxyde d'azote,8,µg/m³,22.7,t,t,annuelle,6516726.5,842281.625,139
537650.229844088,5738030.54754505,Rhône,Lyon,69123,2022/01/01 00:00:00+00,2023/01/01 00:00:00+00,Lyon Gerland,FR20017,Urbain,fond,dioxyde d'azote,8,µg/m³,21.9,f,t,annuelle,6516726.5,842281.625,140
537650.229844088,5738030.54754505,Rhône,Lyon,69123,2023/01/01 00:00:00+00,2024/01/01 00:00:00+00,Lyon Gerland,FR20017,Urbain,fond,dioxyde d'azote,8,µg/m³,16.6,f,t,annuelle,6516726.5,842281.625,141
543930.813960295,5741710.81078551,Rhône,Villeurbanne,69266,2019/01/01 00:00:00+00,2020/01/01 00:00:00+00,Villeurbanne Place Grand-Clément,FR20019,Urbain,trafic,dioxyde d'azote,8,µg/m³,32.1,t,t,annuelle,6519391,846606.6875,142
543930.813960295,5741710.81078551,Rhône,Villeurbanne,69266,2020/01/01 00:00:00+00,2021/01/01 00:00:00+00,Villeurbanne Place Grand-Clément,FR20019,Urbain,trafic,dioxyde d'azote,8,µg/m³,30.6,t,t,annuelle,6519391,846606.6875,143
543930.813960295,5741710.81078551,Rhône,Villeurbanne,69266,2021/01/01 00:00:00+00,2022/01/01 00:00:00+00,Villeurbanne Place Grand-Clément,FR20019,Urbain,trafic,dioxyde d'azote,8,µg/m³,25.4,t,t,annuelle,6519391,846606.6875,144
543930.813960295,5741710.81078551,Rhône,Villeurbanne,69266,2022/01/01 00:00:00+00,2023/01/01 00:00:00+00,Villeurbanne Place Grand-Clément,FR20019,Urbain,trafic,dioxyde d'azote,8,µg/m³,30.6,f,t,annuelle,6519391,846606.6875,145
539443.094681882,5726651.34567236,Rhône,Feyzin,69276,2023/01/01 00:00:00+00,2024/01/01 00:00:00+00,Sud Lyonnais Feyzin ZI,FR20029,Péri Urbain,industrielle,dioxyde d'azote,8,µg/m³,17,t,t,annuelle,6508829.5,843719.0625,146
541502.490330308,5733647.26127223,Rhône,Saint-Fons,69199,2019/01/01 00:00:00+00,2020/01/01 00:00:00+00,Sud Lyonnais St-Fons,FR20031,Urbain,industrielle,dioxyde d'azote,8,µg/m³,24.1,t,t,annuelle,6513737.5,845044.0625,147
541502.490330308,5733647.26127223,Rhône,Saint-Fons,69199,2020/01/01 00:00:00+00,2021/01/01 00:00:00+00,Sud Lyonnais St-Fons,FR20031,Urbain,industrielle,dioxyde d'azote,8,µg/m³,22.1,t,t,annuelle,6513737.5,845044.0625,148
541502.490330308,5733647.26127223,Rhône,Saint-Fons,69199,2021/01/01 00:00:00+00,2022/01/01 00:00:00+00,Sud Lyonnais St-Fons,FR20031,Urbain,industrielle,dioxyde d'azote,8,µg/m³,21.9,t,t,annuelle,6513737.5,845044.0625,149
541502.490330308,5733647.26127223,Rhône,Saint-Fons,69199,2022/01/01 00:00:00+00,2023/01/01 00:00:00+00,Sud Lyonnais St-Fons,FR20031,Urbain,industrielle,dioxyde d'azote,8,µg/m³,20.8,t,t,annuelle,6513737.5,845044.0625,150
541502.490330308,5733647.26127223,Rhône,Saint-Fons,69199,2023/01/01 00:00:00+00,2024/01/01 00:00:00+00,Sud Lyonnais St-Fons,FR20031,Urbain,industrielle,dioxyde d'azote,8,µg/m³,0,f,f,annuelle,6513737.5,845044.0625,151
534578.435978659,5716781.11136232,Rhône,Ternay,69297,2019/01/01 00:00:00+00,2020/01/01 00:00:00+00,Sud Lyonnais Ternay,FR20037,Péri Urbain,fond,dioxyde d'azote,8,µg/m³,17.2,t,t,annuelle,6501867.5,840474.375,152
534578.435978659,5716781.11136232,Rhône,Ternay,69297,2020/01/01 00:00:00+00,2021/01/01 00:00:00+00,Sud Lyonnais Ternay,FR20037,Péri Urbain,fond,dioxyde d'azote,8,µg/m³,15,t,t,annuelle,6501867.5,840474.375,153
534578.435978659,5716781.11136232,Rhône,Ternay,69297,2021/01/01 00:00:00+00,2022/01/01 00:00:00+00,Sud Lyonnais Ternay,FR20037,Péri Urbain,fond,dioxyde d'azote,8,µg/m³,16.2,t,t,annuelle,6501867.5,840474.375,154
534578.435978659,5716781.11136232,Rhône,Ternay,69297,2022/01/01 00:00:00+00,2023/01/01 00:00:00+00,Sud Lyonnais Ternay,FR20037,Péri Urbain,fond,dioxyde d'azote,8,µg/m³,15.2,t,t,annuelle,6501867.5,840474.375,155
534578.435978659,5716781.11136232,Rhône,Ternay,69297,2023/01/01 00:00:00+00,2024/01/01 00:00:00+00,Sud Lyonnais Ternay,FR20037,Péri Urbain,fond,dioxyde d'azote,8,µg/m³,14.1,t,t,annuelle,6501867.5,840474.375,156
554435.691794077,5734836.43369563,Rhône,Genas,69277,2019/01/01 00:00:00+00,2020/01/01 00:00:00+00,Est Lyonnais Genas,FR20045,Péri Urbain,fond,dioxyde d'azote,8,µg/m³,12.1,f,f,annuelle,6514785.66046248,854059.935100848,157
548215.078698827,5744987.9753529,Rhône,Vaulx-en-Velin,69256,2019/01/01 00:00:00+00,2020/01/01 00:00:00+00,Est Lyonnais Vaulx-en-Velin,FR20046,Urbain,fond,dioxyde d'azote,8,µg/m³,21.2,t,t,annuelle,6521743,849541.875,158
548215.078698827,5744987.9753529,Rhône,Vaulx-en-Velin,69256,2020/01/01 00:00:00+00,2021/01/01 00:00:00+00,Est Lyonnais Vaulx-en-Velin,FR20046,Urbain,fond,dioxyde d'azote,8,µg/m³,18.4,t,t,annuelle,6521743,849541.875,159
548215.078698827,5744987.9753529,Rhône,Vaulx-en-Velin,69256,2021/01/01 00:00:00+00,2022/01/01 00:00:00+00,Est Lyonnais Vaulx-en-Velin,FR20046,Urbain,fond,dioxyde d'azote,8,µg/m³,16.3,t,t,annuelle,6521743,849541.875,160
548215.078698827,5744987.9753529,Rhône,Vaulx-en-Velin,69256,2022/01/01 00:00:00+00,2023/01/01 00:00:00+00,Est Lyonnais Vaulx-en-Velin,FR20046,Urbain,fond,dioxyde d'azote,8,µg/m³,15.9,t,t,annuelle,6521743,849541.875,161
548215.078698827,5744987.9753529,Rhône,Vaulx-en-Velin,69256,2023/01/01 00:00:00+00,2024/01/01 00:00:00+00,Est Lyonnais Vaulx-en-Velin,FR20046,Urbain,fond,dioxyde d'azote,8,µg/m³,15.5,t,t,annuelle,6521743,849541.875,162
551472.084045148,5752065.47712613,Ain,Miribel,01249,2019/01/01 00:00:00+00,2020/01/01 00:00:00+00,Nord lyonnais Côtière de l'Ain,FR20047,Péri Urbain,fond,dioxyde d'azote,8,µg/m³,15.1,t,t,annuelle,6526719.5,851692.875,163
551472.084045148,5752065.47712613,Ain,Miribel,01249,2020/01/01 00:00:00+00,2021/01/01 00:00:00+00,Nord lyonnais Côtière de l'Ain,FR20047,Péri Urbain,fond,dioxyde d'azote,8,µg/m³,13.6,t,t,annuelle,6526719.5,851692.875,164
551472.084045148,5752065.47712613,Ain,Miribel,01249,2021/01/01 00:00:00+00,2022/01/01 00:00:00+00,Nord lyonnais Côtière de l'Ain,FR20047,Péri Urbain,fond,dioxyde d'azote,8,µg/m³,12.4,t,t,annuelle,6526719.5,851692.875,165
551472.084045148,5752065.47712613,Ain,Miribel,01249,2022/01/01 00:00:00+00,2023/01/01 00:00:00+00,Nord lyonnais Côtière de l'Ain,FR20047,Péri Urbain,fond,dioxyde d'azote,8,µg/m³,11,t,t,annuelle,6526719.5,851692.875,166
551472.084045148,5752065.47712613,Ain,Miribel,01249,2023/01/01 00:00:00+00,2024/01/01 00:00:00+00,Nord lyonnais Côtière de l'Ain,FR20047,Péri Urbain,fond,dioxyde d'azote,8,µg/m³,11.4,t,t,annuelle,6526719.5,851692.875,167
564432.502667447,5740948.27492273,Rhône,Pusignan,69285,2019/01/01 00:00:00+00,2020/01/01 00:00:00+00,Est lyonnais St-Exupéry,FR20048,Péri Urbain,fond,dioxyde d'azote,8,µg/m³,13.1,t,t,annuelle,6519219.06433224,860932.13700046,168
564432.502667447,5740948.27492273,Rhône,Pusignan,69285,2020/01/01 00:00:00+00,2021/01/01 00:00:00+00,Est lyonnais St-Exupéry,FR20048,Péri Urbain,fond,dioxyde d'azote,8,µg/m³,9.5,t,t,annuelle,6519219.06433224,860932.13700046,169
564432.502667447,5740948.27492273,Rhône,Pusignan,69285,2021/01/01 00:00:00+00,2022/01/01 00:00:00+00,Est lyonnais St-Exupéry,FR20048,Péri Urbain,fond,dioxyde d'azote,8,µg/m³,10.3,t,t,annuelle,6519219.06433224,860932.13700046,170
564432.502667447,5740948.27492273,Rhône,Pusignan,69285,2022/01/01 00:00:00+00,2023/01/01 00:00:00+00,Est lyonnais St-Exupéry,FR20048,Péri Urbain,fond,dioxyde d'azote,8,µg/m³,8.9,t,t,annuelle,6519219.06433224,860932.13700046,171
564432.502667447,5740948.27492273,Rhône,Pusignan,69285,2023/01/01 00:00:00+00,2024/01/01 00:00:00+00,Est lyonnais St-Exupéry,FR20048,Péri Urbain,fond,dioxyde d'azote,8,µg/m³,8.7,t,t,annuelle,6519219.06433224,860932.13700046,172
540369.409918015,5741620.13013634,Rhône,Lyon,69123,2019/01/01 00:00:00+00,2020/01/01 00:00:00+00,Lyon Centre,FR20062,Urbain,fond,dioxyde d'azote,8,µg/m³,23.7,t,t,annuelle,6519269.00725801,844121.990329249,173
540369.409918015,5741620.13013634,Rhône,Lyon,69123,2020/01/01 00:00:00+00,2021/01/01 00:00:00+00,Lyon Centre,FR20062,Urbain,fond,dioxyde d'azote,8,µg/m³,21.3,t,t,annuelle,6519269.00725801,844121.990329249,174
540369.409918015,5741620.13013634,Rhône,Lyon,69123,2021/01/01 00:00:00+00,2022/01/01 00:00:00+00,Lyon Centre,FR20062,Urbain,fond,dioxyde d'azote,8,µg/m³,18.3,t,t,annuelle,6519269.00725801,844121.990329249,175
540369.409918015,5741620.13013634,Rhône,Lyon,69123,2022/01/01 00:00:00+00,2023/01/01 00:00:00+00,Lyon Centre,FR20062,Urbain,fond,dioxyde d'azote,8,µg/m³,16.7,t,t,annuelle,6519269.00725801,844121.990329249,176
540369.409918015,5741620.13013634,Rhône,Lyon,69123,2023/01/01 00:00:00+00,2024/01/01 00:00:00+00,Lyon Centre,FR20062,Urbain,fond,dioxyde d'azote,8,µg/m³,16.5,t,t,annuelle,6519269.00725801,844121.990329249,177
545306.540308497,5744336.92055597,Rhône,Villeurbanne,69266,2019/01/01 00:00:00+00,2020/01/01 00:00:00+00,Lyon Périphérique,FR20069,Urbain,trafic,dioxyde d'azote,8,µg/m³,62,t,t,annuelle,6521241,847523.125,178
545306.540308497,5744336.92055597,Rhône,Villeurbanne,69266,2020/01/01 00:00:00+00,2021/01/01 00:00:00+00,Lyon Périphérique,FR20069,Urbain,trafic,dioxyde d'azote,8,µg/m³,48.5,t,t,annuelle,6521241,847523.125,179
545306.540308497,5744336.92055597,Rhône,Villeurbanne,69266,2021/01/01 00:00:00+00,2022/01/01 00:00:00+00,Lyon Périphérique,FR20069,Urbain,trafic,dioxyde d'azote,8,µg/m³,49.4,t,t,annuelle,6521241,847523.125,180
545306.540308497,5744336.92055597,Rhône,Villeurbanne,69266,2022/01/01 00:00:00+00,2023/01/01 00:00:00+00,Lyon Périphérique,FR20069,Urbain,trafic,dioxyde d'azote,8,µg/m³,47.1,t,t,annuelle,6521241,847523.125,181
545306.540308497,5744336.92055597,Rhône,Villeurbanne,69266,2023/01/01 00:00:00+00,2024/01/01 00:00:00+00,Lyon Périphérique,FR20069,Urbain,trafic,dioxyde d'azote,8,µg/m³,44.2,t,t,annuelle,6521241,847523.125,182
539274.929713678,5740328.06464109,Rhône,Lyon,69123,2019/01/01 00:00:00+00,2020/01/01 00:00:00+00,Lyon Trafic Jaurès,FR20070,Urbain,trafic,dioxyde d'azote,8,µg/m³,36.9,t,t,annuelle,6518352,843378.9375,183
539274.929713678,5740328.06464109,Rhône,Lyon,69123,2020/01/01 00:00:00+00,2021/01/01 00:00:00+00,Lyon Trafic Jaurès,FR20070,Urbain,trafic,dioxyde d'azote,8,µg/m³,30.5,t,t,annuelle,6518352,843378.9375,184
539274.929713678,5740328.06464109,Rhône,Lyon,69123,2021/01/01 00:00:00+00,2022/01/01 00:00:00+00,Lyon Trafic Jaurès,FR20070,Urbain,trafic,dioxyde d'azote,8,µg/m³,27,t,t,annuelle,6518352,843378.9375,185
539274.929713678,5740328.06464109,Rhône,Lyon,69123,2022/01/01 00:00:00+00,2023/01/01 00:00:00+00,Lyon Trafic Jaurès,FR20070,Urbain,trafic,dioxyde d'azote,8,µg/m³,27.4,t,t,annuelle,6518352,843378.9375,186
539274.929713678,5740328.06464109,Rhône,Lyon,69123,2023/01/01 00:00:00+00,2024/01/01 00:00:00+00,Lyon Trafic Jaurès,FR20070,Urbain,trafic,dioxyde d'azote,8,µg/m³,27.6,t,t,annuelle,6518352,843378.9375,187
524934.416715687,5778765.05525079,Rhône,Villefranche-sur-Saône,69264,2019/01/01 00:00:00+00,2020/01/01 00:00:00+00,Villefranche Centre,FR20077,Urbain,fond,dioxyde d'azote,8,µg/m³,20.3,t,t,annuelle,6544818.5,832786.125,188
524934.416715687,5778765.05525079,Rhône,Villefranche-sur-Saône,69264,2020/01/01 00:00:00+00,2021/01/01 00:00:00+00,Villefranche Centre,FR20077,Urbain,fond,dioxyde d'azote,8,µg/m³,17.5,t,t,annuelle,6544818.5,832786.125,189
524934.416715687,5778765.05525079,Rhône,Villefranche-sur-Saône,69264,2021/01/01 00:00:00+00,2022/01/01 00:00:00+00,Villefranche Centre,FR20077,Urbain,fond,dioxyde d'azote,8,µg/m³,16.9,t,t,annuelle,6544818.5,832786.125,190
524934.416715687,5778765.05525079,Rhône,Villefranche-sur-Saône,69264,2022/01/01 00:00:00+00,2023/01/01 00:00:00+00,Villefranche Centre,FR20077,Urbain,fond,dioxyde d'azote,8,µg/m³,17.6,t,t,annuelle,6544818.5,832786.125,191
524934.416715687,5778765.05525079,Rhône,Villefranche-sur-Saône,69264,2023/01/01 00:00:00+00,2024/01/01 00:00:00+00,Villefranche Centre,FR20077,Urbain,fond,dioxyde d'azote,8,µg/m³,16.2,t,t,annuelle,6544818.5,832786.125,192
534906.571676691,5679614.69314999,Isère,Roussillon,38344,2019/01/01 00:00:00+00,2020/01/01 00:00:00+00,Roussillon,FR27002,Urbain,fond,dioxyde d'azote,8,µg/m³,23.3,t,t,annuelle,6475884.5,841298.3125,193
534906.571676691,5679614.69314999,Isère,Roussillon,38344,2020/01/01 00:00:00+00,2021/01/01 00:00:00+00,Roussillon,FR27002,Urbain,fond,dioxyde d'azote,8,µg/m³,18.9,t,t,annuelle,6475884.5,841298.3125,194
534906.571676691,5679614.69314999,Isère,Roussillon,38344,2021/01/01 00:00:00+00,2022/01/01 00:00:00+00,Roussillon,FR27002,Urbain,fond,dioxyde d'azote,8,µg/m³,18.6,t,t,annuelle,6475884.5,841298.3125,195
534906.571676691,5679614.69314999,Isère,Roussillon,38344,2022/01/01 00:00:00+00,2023/01/01 00:00:00+00,Roussillon,FR27002,Urbain,fond,dioxyde d'azote,8,µg/m³,19.1,t,t,annuelle,6475884.5,841298.3125,196
534906.571676691,5679614.69314999,Isère,Roussillon,38344,2023/01/01 00:00:00+00,2024/01/01 00:00:00+00,Roussillon,FR27002,Urbain,fond,dioxyde d'azote,8,µg/m³,18,t,t,annuelle,6475884.5,841298.3125,197
530607.468029926,5693361.87379996,Isère,Les Roches-de-Condrieu,38340,2019/01/01 00:00:00+00,2020/01/01 00:00:00+00,Roches-de-Condrieu,FR27003,Péri Urbain,industrielle,dioxyde d'azote,8,µg/m³,14.3,t,t,annuelle,6485441.5,838060.5,198
530607.468029926,5693361.87379996,Isère,Les Roches-de-Condrieu,38340,2020/01/01 00:00:00+00,2021/01/01 00:00:00+00,Roches-de-Condrieu,FR27003,Péri Urbain,industrielle,dioxyde d'azote,8,µg/m³,12.2,t,t,annuelle,6485441.5,838060.5,199
530607.468029926,5693361.87379996,Isère,Les Roches-de-Condrieu,38340,2021/01/01 00:00:00+00,2022/01/01 00:00:00+00,Roches-de-Condrieu,FR27003,Péri Urbain,industrielle,dioxyde d'azote,8,µg/m³,12,t,t,annuelle,6485441.5,838060.5,200
530607.468029926,5693361.87379996,Isère,Les Roches-de-Condrieu,38340,2022/01/01 00:00:00+00,2023/01/01 00:00:00+00,Roches-de-Condrieu,FR27003,Péri Urbain,industrielle,dioxyde d'azote,8,µg/m³,12.8,t,t,annuelle,6485441.5,838060.5,201
530607.468029926,5693361.87379996,Isère,Les Roches-de-Condrieu,38340,2023/01/01 00:00:00+00,2024/01/01 00:00:00+00,Roches-de-Condrieu,FR27003,Péri Urbain,industrielle,dioxyde d'azote,8,µg/m³,11.5,t,t,annuelle,6485441.5,838060.5,202
531072.081633184,5672333.01711885,Isère,Sablons,38349,2019/01/01 00:00:00+00,2020/01/01 00:00:00+00,Sablons,FR27005,Péri Urbain,fond,dioxyde d'azote,8,µg/m³,11.6,t,t,annuelle,6470719,838717,203
531072.081633184,5672333.01711885,Isère,Sablons,38349,2020/01/01 00:00:00+00,2021/01/01 00:00:00+00,Sablons,FR27005,Péri Urbain,fond,dioxyde d'azote,8,µg/m³,9.5,t,t,annuelle,6470719,838717,204
531072.081633184,5672333.01711885,Isère,Sablons,38349,2021/01/01 00:00:00+00,2022/01/01 00:00:00+00,Sablons,FR27005,Péri Urbain,fond,dioxyde d'azote,8,µg/m³,9.8,t,t,annuelle,6470719,838717,205
531072.081633184,5672333.01711885,Isère,Sablons,38349,2022/01/01 00:00:00+00,2023/01/01 00:00:00+00,Sablons,FR27005,Péri Urbain,fond,dioxyde d'azote,8,µg/m³,10.2,t,t,annuelle,6470719,838717,206
531072.081633184,5672333.01711885,Isère,Sablons,38349,2023/01/01 00:00:00+00,2024/01/01 00:00:00+00,Sablons,FR27005,Péri Urbain,fond,dioxyde d'azote,8,µg/m³,8.8,t,t,annuelle,6470719,838717,207
586750.797535651,5717787.14678337,Isère,Bourgoin-Jallieu,38053,2019/01/01 00:00:00+00,2020/01/01 00:00:00+00,Bourgoin-Jallieu,FR27007,Urbain,fond,dioxyde d'azote,8,µg/m³,11.4,t,t,annuelle,6503511.5,876976.3125,208
586750.797535651,5717787.14678337,Isère,Bourgoin-Jallieu,38053,2020/01/01 00:00:00+00,2021/01/01 00:00:00+00,Bourgoin-Jallieu,FR27007,Urbain,fond,dioxyde d'azote,8,µg/m³,10.2,t,t,annuelle,6503511.5,876976.3125,209
586750.797535651,5717787.14678337,Isère,Bourgoin-Jallieu,38053,2021/01/01 00:00:00+00,2022/01/01 00:00:00+00,Bourgoin-Jallieu,FR27007,Urbain,fond,dioxyde d'azote,8,µg/m³,10.1,t,t,annuelle,6503511.5,876976.3125,210
586750.797535651,5717787.14678337,Isère,Bourgoin-Jallieu,38053,2022/01/01 00:00:00+00,2023/01/01 00:00:00+00,Bourgoin-Jallieu,FR27007,Urbain,fond,dioxyde d'azote,8,µg/m³,11.8,f,t,annuelle,6503511.5,876976.3125,211
586750.797535651,5717787.14678337,Isère,Bourgoin-Jallieu,38053,2023/01/01 00:00:00+00,2024/01/01 00:00:00+00,Bourgoin-Jallieu,FR27007,Urbain,fond,dioxyde d'azote,8,µg/m³,9.1,t,t,annuelle,6503511.5,876976.3125,212
534870.358375747,5677296.01995574,Isère,Salaise-sur-Sanne,38468,2019/01/01 00:00:00+00,2020/01/01 00:00:00+00,A7 Nord-Isère,FR27008,Péri Urbain,trafic,dioxyde d'azote,8,µg/m³,37.4,t,t,annuelle,6474259,841310,213
576755.270814352,5694374.96473066,Isère,Lieudieu,38211,2019/01/01 00:00:00+00,2020/01/01 00:00:00+00,Plateau de Bonnevaux,FR27010,Rural Proche,fond,dioxyde d'azote,8,µg/m³,4.5,t,t,annuelle,6486960,870432.25,214
576755.270814352,5694374.96473066,Isère,Lieudieu,38211,2020/01/01 00:00:00+00,2021/01/01 00:00:00+00,Plateau de Bonnevaux,FR27010,Rural Proche,fond,dioxyde d'azote,8,µg/m³,4.3,t,t,annuelle,6486960,870432.25,215
576755.270814352,5694374.96473066,Isère,Lieudieu,38211,2021/01/01 00:00:00+00,2022/01/01 00:00:00+00,Plateau de Bonnevaux,FR27010,Rural Proche,fond,dioxyde d'azote,8,µg/m³,3.5,t,t,annuelle,6486960,870432.25,216
576755.270814352,5694374.96473066,Isère,Lieudieu,38211,2022/01/01 00:00:00+00,2023/01/01 00:00:00+00,Plateau de Bonnevaux,FR27010,Rural Proche,fond,dioxyde d'azote,8,µg/m³,3.8,t,t,annuelle,6486960,870432.25,217
576755.270814352,5694374.96473066,Isère,Lieudieu,38211,2023/01/01 00:00:00+00,2024/01/01 00:00:00+00,Plateau de Bonnevaux,FR27010,Rural Proche,fond,dioxyde d'azote,8,µg/m³,2.8,t,t,annuelle,6486960,870432.25,218
535166.448237828,5675853.15492567,Isère,Salaise-sur-Sanne,38468,2020/01/01 00:00:00+00,2021/01/01 00:00:00+00,A7 Salaise Ouest,FR27011,Péri Urbain,trafic,dioxyde d'azote,8,µg/m³,37.3,t,t,annuelle,6473252.39532772,841541.371090712,219
535166.448237828,5675853.15492567,Isère,Salaise-sur-Sanne,38468,2021/01/01 00:00:00+00,2022/01/01 00:00:00+00,A7 Salaise Ouest,FR27011,Péri Urbain,trafic,dioxyde d'azote,8,µg/m³,35.2,t,t,annuelle,6473252.39532772,841541.371090712,220
535166.448237828,5675853.15492567,Isère,Salaise-sur-Sanne,38468,2022/01/01 00:00:00+00,2023/01/01 00:00:00+00,A7 Salaise Ouest,FR27011,Péri Urbain,trafic,dioxyde d'azote,8,µg/m³,34.7,t,t,annuelle,6473252.39532772,841541.371090712,221
535166.448237828,5675853.15492567,Isère,Salaise-sur-Sanne,38468,2023/01/01 00:00:00+00,2024/01/01 00:00:00+00,A7 Salaise Ouest,FR27011,Péri Urbain,trafic,dioxyde d'azote,8,µg/m³,32.5,t,t,annuelle,6473252.39532772,841541.371090712,222
453588.674971562,5786940.04879104,Loire,Roanne,42187,2019/01/01 00:00:00+00,2020/01/01 00:00:00+00,Roanne,FR29423,Urbain,fond,dioxyde d'azote,8,µg/m³,17.7,t,t,annuelle,6549605,783106.125,223
453588.674971562,5786940.04879104,Loire,Roanne,42187,2020/01/01 00:00:00+00,2021/01/01 00:00:00+00,Roanne,FR29423,Urbain,fond,dioxyde d'azote,8,µg/m³,14.1,t,t,annuelle,6549605,783106.125,224
453588.674971562,5786940.04879104,Loire,Roanne,42187,2021/01/01 00:00:00+00,2022/01/01 00:00:00+00,Roanne,FR29423,Urbain,fond,dioxyde d'azote,8,µg/m³,14.5,t,t,annuelle,6549605,783106.125,225
453588.674971562,5786940.04879104,Loire,Roanne,42187,2022/01/01 00:00:00+00,2023/01/01 00:00:00+00,Roanne,FR29423,Urbain,fond,dioxyde d'azote,8,µg/m³,14.6,t,t,annuelle,6549605,783106.125,226
453588.674971562,5786940.04879104,Loire,Roanne,42187,2023/01/01 00:00:00+00,2024/01/01 00:00:00+00,Roanne,FR29423,Urbain,fond,dioxyde d'azote,8,µg/m³,14,t,t,annuelle,6549605,783106.125,227
489296.092612303,5687900.03712511,Loire,Saint-Étienne,42218,2019/01/01 00:00:00+00,2020/01/01 00:00:00+00,St-Etienne Sud,FR29424,Urbain,fond,dioxyde d'azote,8,µg/m³,16.8,t,t,annuelle,6481038,809128.1875,228
489296.092612303,5687900.03712511,Loire,Saint-Étienne,42218,2020/01/01 00:00:00+00,2021/01/01 00:00:00+00,St-Etienne Sud,FR29424,Urbain,fond,dioxyde d'azote,8,µg/m³,14.7,t,t,annuelle,6481038,809128.1875,229
489296.092612303,5687900.03712511,Loire,Saint-Étienne,42218,2021/01/01 00:00:00+00,2022/01/01 00:00:00+00,St-Etienne Sud,FR29424,Urbain,fond,dioxyde d'azote,8,µg/m³,15.3,t,t,annuelle,6481038,809128.1875,230
489296.092612303,5687900.03712511,Loire,Saint-Étienne,42218,2022/01/01 00:00:00+00,2023/01/01 00:00:00+00,St-Etienne Sud,FR29424,Urbain,fond,dioxyde d'azote,8,µg/m³,15.9,t,t,annuelle,6481038,809128.1875,231
489296.092612303,5687900.03712511,Loire,Saint-Étienne,42218,2023/01/01 00:00:00+00,2024/01/01 00:00:00+00,St-Etienne Sud,FR29424,Urbain,fond,dioxyde d'azote,8,µg/m³,13.4,t,t,annuelle,6481038,809128.1875,232
502607.820619491,5696664.69535955,Loire,Saint-Chamond,42207,2019/01/01 00:00:00+00,2020/01/01 00:00:00+00,St-Chamond,FR29426,Urbain,fond,dioxyde d'azote,8,µg/m³,24.3,t,t,annuelle,6487343.5,818361.1875,233
502607.820619491,5696664.69535955,Loire,Saint-Chamond,42207,2020/01/01 00:00:00+00,2021/01/01 00:00:00+00,St-Chamond,FR29426,Urbain,fond,dioxyde d'azote,8,µg/m³,21.3,t,t,annuelle,6487343.5,818361.1875,234
502607.820619491,5696664.69535955,Loire,Saint-Chamond,42207,2021/01/01 00:00:00+00,2022/01/01 00:00:00+00,St-Chamond,FR29426,Urbain,fond,dioxyde d'azote,8,µg/m³,20.3,t,t,annuelle,6487343.5,818361.1875,235
502607.820619491,5696664.69535955,Loire,Saint-Chamond,42207,2022/01/01 00:00:00+00,2023/01/01 00:00:00+00,St-Chamond,FR29426,Urbain,fond,dioxyde d'azote,8,µg/m³,21.7,t,t,annuelle,6487343.5,818361.1875,236
502607.820619491,5696664.69535955,Loire,Saint-Chamond,42207,2023/01/01 00:00:00+00,2024/01/01 00:00:00+00,St-Chamond,FR29426,Urbain,fond,dioxyde d'azote,8,µg/m³,24.1,f,t,annuelle,6487343.5,818361.1875,237
514734.583980893,5705892.94399454,Loire,Rive-de-Gier,42186,2019/01/01 00:00:00+00,2020/01/01 00:00:00+00,Rive-de-Gier,FR29429,Péri Urbain,trafic,dioxyde d'azote,8,µg/m³,32.2,t,t,annuelle,6493963.5,826738.125,238
514734.583980893,5705892.94399454,Loire,Rive-de-Gier,42186,2020/01/01 00:00:00+00,2021/01/01 00:00:00+00,Rive-de-Gier,FR29429,Péri Urbain,trafic,dioxyde d'azote,8,µg/m³,27.5,t,t,annuelle,6493963.5,826738.125,239
514734.583980893,5705892.94399454,Loire,Rive-de-Gier,42186,2021/01/01 00:00:00+00,2022/01/01 00:00:00+00,Rive-de-Gier,FR29429,Péri Urbain,trafic,dioxyde d'azote,8,µg/m³,27.7,t,t,annuelle,6493963.5,826738.125,240
514734.583980893,5705892.94399454,Loire,Rive-de-Gier,42186,2022/01/01 00:00:00+00,2023/01/01 00:00:00+00,Rive-de-Gier,FR29429,Péri Urbain,trafic,dioxyde d'azote,8,µg/m³,28.8,t,t,annuelle,6493963.5,826738.125,241
514734.583980893,5705892.94399454,Loire,Rive-de-Gier,42186,2023/01/01 00:00:00+00,2024/01/01 00:00:00+00,Rive-de-Gier,FR29429,Péri Urbain,trafic,dioxyde d'azote,8,µg/m³,25.6,t,t,annuelle,6493963.5,826738.125,242
493108.2568619,5697688.89455368,Loire,La Talaudière,42305,2019/01/01 00:00:00+00,2020/01/01 00:00:00+00,La Talaudière,FR29439,Péri Urbain,fond,dioxyde d'azote,8,µg/m³,12.7,t,t,annuelle,6487935.5,811682,243
493108.2568619,5697688.89455368,Loire,La Talaudière,42305,2020/01/01 00:00:00+00,2021/01/01 00:00:00+00,La Talaudière,FR29439,Péri Urbain,fond,dioxyde d'azote,8,µg/m³,12.4,t,t,annuelle,6487935.5,811682,244
493108.2568619,5697688.89455368,Loire,La Talaudière,42305,2021/01/01 00:00:00+00,2022/01/01 00:00:00+00,La Talaudière,FR29439,Péri Urbain,fond,dioxyde d'azote,8,µg/m³,11.3,t,t,annuelle,6487935.5,811682,245
493108.2568619,5697688.89455368,Loire,La Talaudière,42305,2022/01/01 00:00:00+00,2023/01/01 00:00:00+00,La Talaudière,FR29439,Péri Urbain,fond,dioxyde d'azote,8,µg/m³,11.6,t,t,annuelle,6487935.5,811682,246
493108.2568619,5697688.89455368,Loire,La Talaudière,42305,2023/01/01 00:00:00+00,2024/01/01 00:00:00+00,La Talaudière,FR29439,Péri Urbain,fond,dioxyde d'azote,8,µg/m³,9.4,t,t,annuelle,6487935.5,811682,247
488554.981358572,5692324.17121614,Loire,Saint-Étienne,42218,2019/01/01 00:00:00+00,2020/01/01 00:00:00+00,St-Etienne Bd Urbain ,FR29441,Urbain,trafic,dioxyde d'azote,8,µg/m³,32.6,t,t,annuelle,6484125.5,808553.125,248
488554.981358572,5692324.17121614,Loire,Saint-Étienne,42218,2020/01/01 00:00:00+00,2021/01/01 00:00:00+00,St-Etienne Bd Urbain ,FR29441,Urbain,trafic,dioxyde d'azote,8,µg/m³,29.3,t,t,annuelle,6484125.5,808553.125,249
488554.981358572,5692324.17121614,Loire,Saint-Étienne,42218,2021/01/01 00:00:00+00,2022/01/01 00:00:00+00,St-Etienne Bd Urbain ,FR29441,Urbain,trafic,dioxyde d'azote,8,µg/m³,28.5,t,t,annuelle,6484125.5,808553.125,250
488554.981358572,5692324.17121614,Loire,Saint-Étienne,42218,2022/01/01 00:00:00+00,2023/01/01 00:00:00+00,St-Etienne Bd Urbain ,FR29441,Urbain,trafic,dioxyde d'azote,8,µg/m³,33.7,t,t,annuelle,6484125.5,808553.125,251
488554.981358572,5692324.17121614,Loire,Saint-Étienne,42218,2023/01/01 00:00:00+00,2024/01/01 00:00:00+00,St-Etienne Bd Urbain ,FR29441,Urbain,trafic,dioxyde d'azote,8,µg/m³,30.8,t,t,annuelle,6484125.5,808553.125,252
510475.005943445,5703222.41840909,Loire,Lorette,42123,2021/01/01 00:00:00+00,2022/01/01 00:00:00+00,A47 Vallée Gier Sud,FR29443,Péri Urbain,trafic,dioxyde d'azote,8,µg/m³,38.4,f,t,annuelle,6492036.69626837,823789.714642465,253
659950.211451489,5710846.11644247,Savoie,Chambéry,73065,2019/01/01 00:00:00+00,2020/01/01 00:00:00+00,Pasteur,FR33101,Urbain,fond,dioxyde d'azote,8,µg/m³,20.2,t,t,annuelle,6500356,928381,254
659950.211451489,5710846.11644247,Savoie,Chambéry,73065,2020/01/01 00:00:00+00,2021/01/01 00:00:00+00,Pasteur,FR33101,Urbain,fond,dioxyde d'azote,8,µg/m³,17.6,t,t,annuelle,6500356,928381,255
659950.211451489,5710846.11644247,Savoie,Chambéry,73065,2021/01/01 00:00:00+00,2022/01/01 00:00:00+00,Pasteur,FR33101,Urbain,fond,dioxyde d'azote,8,µg/m³,17.4,t,t,annuelle,6500356,928381,256
659950.211451489,5710846.11644247,Savoie,Chambéry,73065,2022/01/01 00:00:00+00,2023/01/01 00:00:00+00,Pasteur,FR33101,Urbain,fond,dioxyde d'azote,8,µg/m³,16.7,t,t,annuelle,6500356,928381,257
659950.211451489,5710846.11644247,Savoie,Chambéry,73065,2023/01/01 00:00:00+00,2024/01/01 00:00:00+00,Pasteur,FR33101,Urbain,fond,dioxyde d'azote,8,µg/m³,15.5,t,t,annuelle,6500356,928381,258
658856.725945728,5715948.75908334,Savoie,Chambéry,73065,2019/01/01 00:00:00+00,2020/01/01 00:00:00+00,Chambéry le Haut,FR33102,Urbain,fond,dioxyde d'azote,8,µg/m³,14.8,t,t,annuelle,6503888,927483.625,259
658856.725945728,5715948.75908334,Savoie,Chambéry,73065,2020/01/01 00:00:00+00,2021/01/01 00:00:00+00,Chambéry le Haut,FR33102,Urbain,fond,dioxyde d'azote,8,µg/m³,12.7,t,t,annuelle,6503888,927483.625,260
658856.725945728,5715948.75908334,Savoie,Chambéry,73065,2021/01/01 00:00:00+00,2022/01/01 00:00:00+00,Chambéry le Haut,FR33102,Urbain,fond,dioxyde d'azote,8,µg/m³,12.4,t,t,annuelle,6503888,927483.625,261
658856.725945728,5715948.75908334,Savoie,Chambéry,73065,2022/01/01 00:00:00+00,2023/01/01 00:00:00+00,Chambéry le Haut,FR33102,Urbain,fond,dioxyde d'azote,8,µg/m³,11.6,f,t,annuelle,6503888,927483.625,262
658856.725945728,5715948.75908334,Savoie,Chambéry,73065,2023/01/01 00:00:00+00,2024/01/01 00:00:00+00,Chambéry le Haut,FR33102,Urbain,fond,dioxyde d'azote,8,µg/m³,11.6,t,t,annuelle,6503888,927483.625,263
660456.974205569,5711616.73128383,Savoie,Chambéry,73065,2019/01/01 00:00:00+00,2020/01/01 00:00:00+00,Chambéry Trafic,FR33105,Urbain,trafic,dioxyde d'azote,8,µg/m³,28.7,t,t,annuelle,6500907,928715.875,264
660456.974205569,5711616.73128383,Savoie,Chambéry,73065,2020/01/01 00:00:00+00,2021/01/01 00:00:00+00,Chambéry Trafic,FR33105,Urbain,trafic,dioxyde d'azote,8,µg/m³,21.7,t,t,annuelle,6500907,928715.875,265
660456.974205569,5711616.73128383,Savoie,Chambéry,73065,2021/01/01 00:00:00+00,2022/01/01 00:00:00+00,Chambéry Trafic,FR33105,Urbain,trafic,dioxyde d'azote,8,µg/m³,19.7,t,t,annuelle,6500907,928715.875,266
660456.974205569,5711616.73128383,Savoie,Chambéry,73065,2022/01/01 00:00:00+00,2023/01/01 00:00:00+00,Chambéry Trafic,FR33105,Urbain,trafic,dioxyde d'azote,8,µg/m³,21,t,t,annuelle,6500907,928715.875,267
660456.974205569,5711616.73128383,Savoie,Chambéry,73065,2023/01/01 00:00:00+00,2024/01/01 00:00:00+00,Chambéry Trafic,FR33105,Urbain,trafic,dioxyde d'azote,8,µg/m³,20.5,t,t,annuelle,6500907,928715.875,268
706847.793020957,5664875.26103637,Savoie,Saint-Jean-de-Maurienne,73248,2019/01/01 00:00:00+00,2020/01/01 00:00:00+00,Saint Jean,FR33111,Urbain,fond,dioxyde d'azote,8,µg/m³,11.8,t,t,annuelle,6469500.5,962582.875,269
706847.793020957,5664875.26103637,Savoie,Saint-Jean-de-Maurienne,73248,2020/01/01 00:00:00+00,2021/01/01 00:00:00+00,Saint Jean,FR33111,Urbain,fond,dioxyde d'azote,8,µg/m³,10.9,t,t,annuelle,6469500.5,962582.875,270
706847.793020957,5664875.26103637,Savoie,Saint-Jean-de-Maurienne,73248,2021/01/01 00:00:00+00,2022/01/01 00:00:00+00,Saint Jean,FR33111,Urbain,fond,dioxyde d'azote,8,µg/m³,10.4,t,t,annuelle,6469500.5,962582.875,271
706847.793020957,5664875.26103637,Savoie,Saint-Jean-de-Maurienne,73248,2022/01/01 00:00:00+00,2023/01/01 00:00:00+00,Saint Jean,FR33111,Urbain,fond,dioxyde d'azote,8,µg/m³,10.4,t,t,annuelle,6469500.5,962582.875,272
706847.793020957,5664875.26103637,Savoie,Saint-Jean-de-Maurienne,73248,2023/01/01 00:00:00+00,2024/01/01 00:00:00+00,Saint Jean,FR33111,Urbain,fond,dioxyde d'azote,8,µg/m³,8.5,t,t,annuelle,6469500.5,962582.875,273
721386.34009657,5654542.57100859,Savoie,Saint-Michel-de-Maurienne,73261,2020/01/01 00:00:00+00,2021/01/01 00:00:00+00,Maurienne trafic,FR33113,Péri Urbain,trafic,dioxyde d'azote,8,µg/m³,10.9,t,t,annuelle,6462692,973134,274
721386.34009657,5654542.57100859,Savoie,Saint-Michel-de-Maurienne,73261,2021/01/01 00:00:00+00,2022/01/01 00:00:00+00,Maurienne trafic,FR33113,Péri Urbain,trafic,dioxyde d'azote,8,µg/m³,13.8,t,t,annuelle,6462692,973134,275
721386.34009657,5654542.57100859,Savoie,Saint-Michel-de-Maurienne,73261,2022/01/01 00:00:00+00,2023/01/01 00:00:00+00,Maurienne trafic,FR33113,Péri Urbain,trafic,dioxyde d'azote,8,µg/m³,12.1,t,t,annuelle,6462692,973134,276
721386.34009657,5654542.57100859,Savoie,Saint-Michel-de-Maurienne,73261,2023/01/01 00:00:00+00,2024/01/01 00:00:00+00,Maurienne trafic,FR33113,Péri Urbain,trafic,dioxyde d'azote,8,µg/m³,11.4,t,t,annuelle,6462692,973134,277
712112.318790918,5661373.151562,Savoie,Saint-Julien-Mont-Denis,73250,2019/01/01 00:00:00+00,2020/01/01 00:00:00+00,St-Julien trafic,FR33114,Urbain,trafic,dioxyde d'azote,8,µg/m³,45.8,f,t,annuelle,6467202,966393.5625,278
764764.880425212,5767938.58703294,Haute-Savoie,Chamonix-Mont-Blanc,74056,2019/01/01 00:00:00+00,2020/01/01 00:00:00+00,Chamonix,FR33120,Urbain,fond,dioxyde d'azote,8,µg/m³,21.2,t,t,annuelle,6543216,999812.4375,279
764764.880425212,5767938.58703294,Haute-Savoie,Chamonix-Mont-Blanc,74056,2020/01/01 00:00:00+00,2021/01/01 00:00:00+00,Chamonix,FR33120,Urbain,fond,dioxyde d'azote,8,µg/m³,17.9,t,t,annuelle,6543216,999812.4375,280
764764.880425212,5767938.58703294,Haute-Savoie,Chamonix-Mont-Blanc,74056,2021/01/01 00:00:00+00,2022/01/01 00:00:00+00,Chamonix,FR33120,Urbain,fond,dioxyde d'azote,8,µg/m³,16.8,t,t,annuelle,6543216,999812.4375,281
764764.880425212,5767938.58703294,Haute-Savoie,Chamonix-Mont-Blanc,74056,2022/01/01 00:00:00+00,2023/01/01 00:00:00+00,Chamonix,FR33120,Urbain,fond,dioxyde d'azote,8,µg/m³,19.3,t,t,annuelle,6543216,999812.4375,282
764764.880425212,5767938.58703294,Haute-Savoie,Chamonix-Mont-Blanc,74056,2023/01/01 00:00:00+00,2024/01/01 00:00:00+00,Chamonix,FR33120,Urbain,fond,dioxyde d'azote,8,µg/m³,18.6,t,t,annuelle,6543216,999812.4375,283
711300.578314233,5728419.5384792,Savoie,Albertville,73011,2019/01/01 00:00:00+00,2020/01/01 00:00:00+00,Albertville,FR33121,Urbain,fond,dioxyde d'azote,8,µg/m³,17.9,t,t,annuelle,6514045.5,963808.875,284
711300.578314233,5728419.5384792,Savoie,Albertville,73011,2020/01/01 00:00:00+00,2021/01/01 00:00:00+00,Albertville,FR33121,Urbain,fond,dioxyde d'azote,8,µg/m³,15,t,t,annuelle,6514045.5,963808.875,285
711300.578314233,5728419.5384792,Savoie,Albertville,73011,2021/01/01 00:00:00+00,2022/01/01 00:00:00+00,Albertville,FR33121,Urbain,fond,dioxyde d'azote,8,µg/m³,14.7,t,t,annuelle,6514045.5,963808.875,286
711300.578314233,5728419.5384792,Savoie,Albertville,73011,2022/01/01 00:00:00+00,2023/01/01 00:00:00+00,Albertville,FR33121,Urbain,fond,dioxyde d'azote,8,µg/m³,15.6,t,t,annuelle,6514045.5,963808.875,287
711300.578314233,5728419.5384792,Savoie,Albertville,73011,2023/01/01 00:00:00+00,2024/01/01 00:00:00+00,Albertville,FR33121,Urbain,fond,dioxyde d'azote,8,µg/m³,14.7,t,t,annuelle,6514045.5,963808.875,288
681102.722689493,5763595.39414402,Haute-Savoie,Annecy,74010,2019/01/01 00:00:00+00,2020/01/01 00:00:00+00,Annecy Loverchy,FR33201,Urbain,fond,dioxyde d'azote,8,µg/m³,22.5,t,t,annuelle,6537627,941742.125,289
681102.722689493,5763595.39414402,Haute-Savoie,Annecy,74010,2020/01/01 00:00:00+00,2021/01/01 00:00:00+00,Annecy Loverchy,FR33201,Urbain,fond,dioxyde d'azote,8,µg/m³,17.6,t,t,annuelle,6537627,941742.125,290
681102.722689493,5763595.39414402,Haute-Savoie,Annecy,74010,2021/01/01 00:00:00+00,2022/01/01 00:00:00+00,Annecy Loverchy,FR33201,Urbain,fond,dioxyde d'azote,8,µg/m³,19.3,t,t,annuelle,6537627,941742.125,291
681102.722689493,5763595.39414402,Haute-Savoie,Annecy,74010,2022/01/01 00:00:00+00,2023/01/01 00:00:00+00,Annecy Loverchy,FR33201,Urbain,fond,dioxyde d'azote,8,µg/m³,20.2,t,t,annuelle,6537627,941742.125,292
681102.722689493,5763595.39414402,Haute-Savoie,Annecy,74010,2023/01/01 00:00:00+00,2024/01/01 00:00:00+00,Annecy Loverchy,FR33201,Urbain,fond,dioxyde d'azote,8,µg/m³,19.2,t,t,annuelle,6537627,941742.125,293
683016.957165496,5767070.29641213,Haute-Savoie,Annecy,74010,2019/01/01 00:00:00+00,2020/01/01 00:00:00+00,Novel,FR33202,Urbain,fond,dioxyde d'azote,8,µg/m³,15.5,t,t,annuelle,6540090,942978.6875,294
683016.957165496,5767070.29641213,Haute-Savoie,Annecy,74010,2020/01/01 00:00:00+00,2021/01/01 00:00:00+00,Novel,FR33202,Urbain,fond,dioxyde d'azote,8,µg/m³,13.8,t,t,annuelle,6540090,942978.6875,295
683016.957165496,5767070.29641213,Haute-Savoie,Annecy,74010,2021/01/01 00:00:00+00,2022/01/01 00:00:00+00,Novel,FR33202,Urbain,fond,dioxyde d'azote,8,µg/m³,13.1,t,t,annuelle,6540090,942978.6875,296
683016.957165496,5767070.29641213,Haute-Savoie,Annecy,74010,2022/01/01 00:00:00+00,2023/01/01 00:00:00+00,Novel,FR33202,Urbain,fond,dioxyde d'azote,8,µg/m³,13.8,t,t,annuelle,6540090,942978.6875,297
683016.957165496,5767070.29641213,Haute-Savoie,Annecy,74010,2023/01/01 00:00:00+00,2024/01/01 00:00:00+00,Novel,FR33202,Urbain,fond,dioxyde d'azote,8,µg/m³,12.2,t,t,annuelle,6540090,942978.6875,298
681065.463095829,5765876.09276983,Haute-Savoie,Annecy,74010,2019/01/01 00:00:00+00,2020/01/01 00:00:00+00,Annecy Rocade,FR33203,Urbain,trafic,dioxyde d'azote,8,µg/m³,32.9,t,t,annuelle,6539208,941653.6875,299
681065.463095829,5765876.09276983,Haute-Savoie,Annecy,74010,2020/01/01 00:00:00+00,2021/01/01 00:00:00+00,Annecy Rocade,FR33203,Urbain,trafic,dioxyde d'azote,8,µg/m³,27.7,t,t,annuelle,6539208,941653.6875,300
681065.463095829,5765876.09276983,Haute-Savoie,Annecy,74010,2021/01/01 00:00:00+00,2022/01/01 00:00:00+00,Annecy Rocade,FR33203,Urbain,trafic,dioxyde d'azote,8,µg/m³,26.4,t,t,annuelle,6539208,941653.6875,301
681065.463095829,5765876.09276983,Haute-Savoie,Annecy,74010,2022/01/01 00:00:00+00,2023/01/01 00:00:00+00,Annecy Rocade,FR33203,Urbain,trafic,dioxyde d'azote,8,µg/m³,27.6,t,t,annuelle,6539208,941653.6875,302
681065.463095829,5765876.09276983,Haute-Savoie,Annecy,74010,2023/01/01 00:00:00+00,2024/01/01 00:00:00+00,Annecy Rocade,FR33203,Urbain,trafic,dioxyde d'azote,8,µg/m³,24.7,t,t,annuelle,6539208,941653.6875,303
694695.542498295,5811787.37019085,Haute-Savoie,Annemasse,74012,2019/01/01 00:00:00+00,2020/01/01 00:00:00+00,Annemasse,FR33211,Urbain,fond,dioxyde d'azote,8,µg/m³,20.9,t,t,annuelle,6571348.5,949833.5625,304
694695.542498295,5811787.37019085,Haute-Savoie,Annemasse,74012,2020/01/01 00:00:00+00,2021/01/01 00:00:00+00,Annemasse,FR33211,Urbain,fond,dioxyde d'azote,8,µg/m³,16.7,t,t,annuelle,6571348.5,949833.5625,305
694695.542498295,5811787.37019085,Haute-Savoie,Annemasse,74012,2021/01/01 00:00:00+00,2022/01/01 00:00:00+00,Annemasse,FR33211,Urbain,fond,dioxyde d'azote,8,µg/m³,17.1,t,t,annuelle,6571348.5,949833.5625,306
694695.542498295,5811787.37019085,Haute-Savoie,Annemasse,74012,2022/01/01 00:00:00+00,2023/01/01 00:00:00+00,Annemasse,FR33211,Urbain,fond,dioxyde d'azote,8,µg/m³,18.6,t,t,annuelle,6571348.5,949833.5625,307
694695.542498295,5811787.37019085,Haute-Savoie,Annemasse,74012,2023/01/01 00:00:00+00,2024/01/01 00:00:00+00,Annemasse,FR33211,Urbain,fond,dioxyde d'azote,8,µg/m³,17.2,t,t,annuelle,6571348.5,949833.5625,308
691834.851314617,5811443.13076509,Haute-Savoie,Gaillard,74133,2019/01/01 00:00:00+00,2020/01/01 00:00:00+00,Gaillard,FR33212,Urbain,fond,dioxyde d'azote,8,µg/m³,15.7,t,t,annuelle,6571030,947863.125,309
691834.851314617,5811443.13076509,Haute-Savoie,Gaillard,74133,2020/01/01 00:00:00+00,2021/01/01 00:00:00+00,Gaillard,FR33212,Urbain,fond,dioxyde d'azote,8,µg/m³,13.3,t,t,annuelle,6571030,947863.125,310
691834.851314617,5811443.13076509,Haute-Savoie,Gaillard,74133,2021/01/01 00:00:00+00,2022/01/01 00:00:00+00,Gaillard,FR33212,Urbain,fond,dioxyde d'azote,8,µg/m³,13,t,t,annuelle,6571030,947863.125,311
691834.851314617,5811443.13076509,Haute-Savoie,Gaillard,74133,2022/01/01 00:00:00+00,2023/01/01 00:00:00+00,Gaillard,FR33212,Urbain,fond,dioxyde d'azote,8,µg/m³,14.4,t,t,annuelle,6571030,947863.125,312
691834.851314617,5811443.13076509,Haute-Savoie,Gaillard,74133,2023/01/01 00:00:00+00,2024/01/01 00:00:00+00,Gaillard,FR33212,Urbain,fond,dioxyde d'azote,8,µg/m³,13.1,t,t,annuelle,6571030,947863.125,313
694136.665384384,5810979.91593129,Haute-Savoie,Annemasse,74012,2019/01/01 00:00:00+00,2020/01/01 00:00:00+00,Annemasse Trafic,FR33213,Urbain,trafic,dioxyde d'azote,8,µg/m³,26.3,t,t,annuelle,6570775.5,949469.5625,314
694136.665384384,5810979.91593129,Haute-Savoie,Annemasse,74012,2020/01/01 00:00:00+00,2021/01/01 00:00:00+00,Annemasse Trafic,FR33213,Urbain,trafic,dioxyde d'azote,8,µg/m³,23.4,t,f,annuelle,6570775.5,949469.5625,315
747359.241696645,5768104.04285799,Haute-Savoie,Passy,74208,2019/01/01 00:00:00+00,2020/01/01 00:00:00+00,Passy,FR33220,Péri Urbain,fond,dioxyde d'azote,8,µg/m³,15.6,t,t,annuelle,6542749,987703,316
747359.241696645,5768104.04285799,Haute-Savoie,Passy,74208,2020/01/01 00:00:00+00,2021/01/01 00:00:00+00,Passy,FR33220,Péri Urbain,fond,dioxyde d'azote,8,µg/m³,13.6,t,t,annuelle,6542749,987703,317
747359.241696645,5768104.04285799,Haute-Savoie,Passy,74208,2021/01/01 00:00:00+00,2022/01/01 00:00:00+00,Passy,FR33220,Péri Urbain,fond,dioxyde d'azote,8,µg/m³,14.7,t,t,annuelle,6542749,987703,318
747359.241696645,5768104.04285799,Haute-Savoie,Passy,74208,2022/01/01 00:00:00+00,2023/01/01 00:00:00+00,Passy,FR33220,Péri Urbain,fond,dioxyde d'azote,8,µg/m³,13.3,t,t,annuelle,6542749,987703,319
747359.241696645,5768104.04285799,Haute-Savoie,Passy,74208,2023/01/01 00:00:00+00,2024/01/01 00:00:00+00,Passy,FR33220,Péri Urbain,fond,dioxyde d'azote,8,µg/m³,12.2,t,t,annuelle,6542749,987703,320
762078.541989142,5765479.54772801,Haute-Savoie,Chamonix-Mont-Blanc,74056,2019/01/01 00:00:00+00,2020/01/01 00:00:00+00,Bossons,FR33232,Péri Urbain,trafic,dioxyde d'azote,8,µg/m³,41.1,t,t,annuelle,6541420,998027.5,321
762078.541989142,5765479.54772801,Haute-Savoie,Chamonix-Mont-Blanc,74056,2020/01/01 00:00:00+00,2021/01/01 00:00:00+00,Bossons,FR33232,Péri Urbain,trafic,dioxyde d'azote,8,µg/m³,31.1,t,t,annuelle,6541420,998027.5,322
762078.541989142,5765479.54772801,Haute-Savoie,Chamonix-Mont-Blanc,74056,2021/01/01 00:00:00+00,2022/01/01 00:00:00+00,Bossons,FR33232,Péri Urbain,trafic,dioxyde d'azote,8,µg/m³,32.9,t,t,annuelle,6541420,998027.5,323
762078.541989142,5765479.54772801,Haute-Savoie,Chamonix-Mont-Blanc,74056,2022/01/01 00:00:00+00,2023/01/01 00:00:00+00,Bossons,FR33232,Péri Urbain,trafic,dioxyde d'azote,8,µg/m³,32.4,t,t,annuelle,6541420,998027.5,324
762078.541989142,5765479.54772801,Haute-Savoie,Chamonix-Mont-Blanc,74056,2023/01/01 00:00:00+00,2024/01/01 00:00:00+00,Bossons,FR33232,Péri Urbain,trafic,dioxyde d'azote,8,µg/m³,30,t,t,annuelle,6541420,998027.5,325
752864.785424912,5767367.72521022,Haute-Savoie,Les Houches,74143,2019/01/01 00:00:00+00,2020/01/01 00:00:00+00,Les Houches Trafic,FR33241,Péri Urbain,trafic,dioxyde d'azote,8,µg/m³,32.6,t,t,annuelle,6542420,991556,326
721875.950809839,5840558.60254122,Haute-Savoie,Thonon-les-Bains,74281,2019/01/01 00:00:00+00,2020/01/01 00:00:00+00,Thonon-les-Bains,FR33260,Urbain,fond,dioxyde d'azote,8,µg/m³,12.8,t,f,annuelle,6591966,967770.875,327
647972.171070069,5791931.01659884,Haute-Savoie,Saint-Germain-sur-Rhône,74235,2019/01/01 00:00:00+00,2020/01/01 00:00:00+00,St-Germain-sur-Rhône,FR33302,Rural Proche,fond,dioxyde d'azote,8,µg/m³,6.6,t,t,annuelle,6556388.5,917979.6875,328
647972.171070069,5791931.01659884,Haute-Savoie,Saint-Germain-sur-Rhône,74235,2020/01/01 00:00:00+00,2021/01/01 00:00:00+00,St-Germain-sur-Rhône,FR33302,Rural Proche,fond,dioxyde d'azote,8,µg/m³,6,t,t,annuelle,6556388.5,917979.6875,329
647972.171070069,5791931.01659884,Haute-Savoie,Saint-Germain-sur-Rhône,74235,2021/01/01 00:00:00+00,2022/01/01 00:00:00+00,St-Germain-sur-Rhône,FR33302,Rural Proche,fond,dioxyde d'azote,8,µg/m³,6.2,t,t,annuelle,6556388.5,917979.6875,330
647972.171070069,5791931.01659884,Haute-Savoie,Saint-Germain-sur-Rhône,74235,2022/01/01 00:00:00+00,2023/01/01 00:00:00+00,St-Germain-sur-Rhône,FR33302,Rural Proche,fond,dioxyde d'azote,8,µg/m³,4.2,t,t,annuelle,6556388.5,917979.6875,331
647972.171070069,5791931.01659884,Haute-Savoie,Saint-Germain-sur-Rhône,74235,2023/01/01 00:00:00+00,2024/01/01 00:00:00+00,St-Germain-sur-Rhône,FR33302,Rural Proche,fond,dioxyde d'azote,8,µg/m³,4,t,t,annuelle,6556388.5,917979.6875,332
581820.85171837,5814348.30321855,Ain,Bourg-en-Bresse,01053,2019/01/01 00:00:00+00,2020/01/01 00:00:00+00,Bourg-en-Bresse,FR33305,Urbain,fond,dioxyde d'azote,8,µg/m³,15.1,t,t,annuelle,6570409.5,871636.1875,333
581820.85171837,5814348.30321855,Ain,Bourg-en-Bresse,01053,2020/01/01 00:00:00+00,2021/01/01 00:00:00+00,Bourg-en-Bresse,FR33305,Urbain,fond,dioxyde d'azote,8,µg/m³,12.9,t,t,annuelle,6570409.5,871636.1875,334
581820.85171837,5814348.30321855,Ain,Bourg-en-Bresse,01053,2021/01/01 00:00:00+00,2022/01/01 00:00:00+00,Bourg-en-Bresse,FR33305,Urbain,fond,dioxyde d'azote,8,µg/m³,11.6,t,t,annuelle,6570409.5,871636.1875,335
581820.85171837,5814348.30321855,Ain,Bourg-en-Bresse,01053,2022/01/01 00:00:00+00,2023/01/01 00:00:00+00,Bourg-en-Bresse,FR33305,Urbain,fond,dioxyde d'azote,8,µg/m³,12.1,t,t,annuelle,6570409.5,871636.1875,336
581820.85171837,5814348.30321855,Ain,Bourg-en-Bresse,01053,2023/01/01 00:00:00+00,2024/01/01 00:00:00+00,Bourg-en-Bresse,FR33305,Urbain,fond,dioxyde d'azote,8,µg/m³,9.5,t,t,annuelle,6570409.5,871636.1875,337
736972.703499613,5783608.90543151,Haute-Savoie,Magland,74159,2019/01/01 00:00:00+00,2020/01/01 00:00:00+00,Magland,FR33374,Péri Urbain,fond,dioxyde d'azote,8,µg/m³,,,,annuelle,6553152,979987,338
542825.973922791,5601117.19889909,Drôme,Portes-lès-Valence,26252,2019/01/01 00:00:00+00,2020/01/01 00:00:00+00,Valence Périurbain Sud,FR36001,Péri Urbain,fond,dioxyde d'azote,8,µg/m³,16.6,t,t,annuelle,6420768,848178.875,339
542825.973922791,5601117.19889909,Drôme,Portes-lès-Valence,26252,2020/01/01 00:00:00+00,2021/01/01 00:00:00+00,Valence Périurbain Sud,FR36001,Péri Urbain,fond,dioxyde d'azote,8,µg/m³,13.4,t,t,annuelle,6420768,848178.875,340
542825.973922791,5601117.19889909,Drôme,Portes-lès-Valence,26252,2021/01/01 00:00:00+00,2022/01/01 00:00:00+00,Valence Périurbain Sud,FR36001,Péri Urbain,fond,dioxyde d'azote,8,µg/m³,13.9,t,t,annuelle,6420768,848178.875,341
542825.973922791,5601117.19889909,Drôme,Portes-lès-Valence,26252,2022/01/01 00:00:00+00,2023/01/01 00:00:00+00,Valence Périurbain Sud,FR36001,Péri Urbain,fond,dioxyde d'azote,8,µg/m³,12.6,t,t,annuelle,6420768,848178.875,342
542825.973922791,5601117.19889909,Drôme,Portes-lès-Valence,26252,2023/01/01 00:00:00+00,2024/01/01 00:00:00+00,Valence Périurbain Sud,FR36001,Péri Urbain,fond,dioxyde d'azote,8,µg/m³,11.6,t,t,annuelle,6420768,848178.875,343
544761.776720538,5611009.00335582,Drôme,Valence,26362,2019/01/01 00:00:00+00,2020/01/01 00:00:00+00,Valence Urbain Centre,FR36002,Urbain,fond,dioxyde d'azote,8,µg/m³,20.2,t,t,annuelle,6427789.5,849384.3125,344
544761.776720538,5611009.00335582,Drôme,Valence,26362,2020/01/01 00:00:00+00,2021/01/01 00:00:00+00,Valence Urbain Centre,FR36002,Urbain,fond,dioxyde d'azote,8,µg/m³,15.6,t,t,annuelle,6427789.5,849384.3125,345
544761.776720538,5611009.00335582,Drôme,Valence,26362,2021/01/01 00:00:00+00,2022/01/01 00:00:00+00,Valence Urbain Centre,FR36002,Urbain,fond,dioxyde d'azote,8,µg/m³,16.3,t,t,annuelle,6427789.5,849384.3125,346
544761.776720538,5611009.00335582,Drôme,Valence,26362,2022/01/01 00:00:00+00,2023/01/01 00:00:00+00,Valence Urbain Centre,FR36002,Urbain,fond,dioxyde d'azote,8,µg/m³,16.6,t,t,annuelle,6427789.5,849384.3125,347
544761.776720538,5611009.00335582,Drôme,Valence,26362,2023/01/01 00:00:00+00,2024/01/01 00:00:00+00,Valence Urbain Centre,FR36002,Urbain,fond,dioxyde d'azote,8,µg/m³,14.1,t,t,annuelle,6427789.5,849384.3125,348
561528.895445516,5628214.3242377,Drôme,Romans-sur-Isère,26281,2019/01/01 00:00:00+00,2020/01/01 00:00:00+00,Romans-sur-Isère,FR36019,Urbain,fond,dioxyde d'azote,8,µg/m³,13.3,t,t,annuelle,6440222.5,860949.375,349
561528.895445516,5628214.3242377,Drôme,Romans-sur-Isère,26281,2020/01/01 00:00:00+00,2021/01/01 00:00:00+00,Romans-sur-Isère,FR36019,Urbain,fond,dioxyde d'azote,8,µg/m³,9.8,t,t,annuelle,6440222.5,860949.375,350
561528.895445516,5628214.3242377,Drôme,Romans-sur-Isère,26281,2021/01/01 00:00:00+00,2022/01/01 00:00:00+00,Romans-sur-Isère,FR36019,Urbain,fond,dioxyde d'azote,8,µg/m³,11.6,t,t,annuelle,6440222.5,860949.375,351
561528.895445516,5628214.3242377,Drôme,Romans-sur-Isère,26281,2022/01/01 00:00:00+00,2023/01/01 00:00:00+00,Romans-sur-Isère,FR36019,Urbain,fond,dioxyde d'azote,8,µg/m³,12.6,t,t,annuelle,6440222.5,860949.375,352
561528.895445516,5628214.3242377,Drôme,Romans-sur-Isère,26281,2023/01/01 00:00:00+00,2024/01/01 00:00:00+00,Romans-sur-Isère,FR36019,Urbain,fond,dioxyde d'azote,8,µg/m³,8.9,t,t,annuelle,6440222.5,860949.375,353
587652.465142431,5553991.67996587,Drôme,Saint-Nazaire-le-Désert,26321,2019/01/01 00:00:00+00,2020/01/01 00:00:00+00,Drôme Rurale Sud,FR36021,Rural National,fond,dioxyde d'azote,8,µg/m³,1.4,t,t,annuelle,6388207,880936.6875,354
587652.465142431,5553991.67996587,Drôme,Saint-Nazaire-le-Désert,26321,2020/01/01 00:00:00+00,2021/01/01 00:00:00+00,Drôme Rurale Sud,FR36021,Rural National,fond,dioxyde d'azote,8,µg/m³,1.6,t,t,annuelle,6388207,880936.6875,355
587652.465142431,5553991.67996587,Drôme,Saint-Nazaire-le-Désert,26321,2021/01/01 00:00:00+00,2022/01/01 00:00:00+00,Drôme Rurale Sud,FR36021,Rural National,fond,dioxyde d'azote,8,µg/m³,1.7,t,t,annuelle,6388207,880936.6875,356
587652.465142431,5553991.67996587,Drôme,Saint-Nazaire-le-Désert,26321,2022/01/01 00:00:00+00,2023/01/01 00:00:00+00,Drôme Rurale Sud,FR36021,Rural National,fond,dioxyde d'azote,8,µg/m³,1.6,t,t,annuelle,6388207,880936.6875,357
587652.465142431,5553991.67996587,Drôme,Saint-Nazaire-le-Désert,26321,2023/01/01 00:00:00+00,2024/01/01 00:00:00+00,Drôme Rurale Sud,FR36021,Rural National,fond,dioxyde d'azote,8,µg/m³,1.4,t,t,annuelle,6388207,880936.6875,358
488133.589368342,5562251.10809174,Ardèche,Aubenas,07019,2020/01/01 00:00:00+00,2021/01/01 00:00:00+00,Aubenas Belvédère,FR36022,Urbain,fond,dioxyde d'azote,8,µg/m³,9.9,t,t,annuelle,6392428,809865.6875,359
544367.124117981,5613527.6196671,Drôme,Bourg-lès-Valence,26058,2019/01/01 00:00:00+00,2020/01/01 00:00:00+00,A7 Valence Est,FR36032,Urbain,trafic,dioxyde d'azote,8,µg/m³,30.8,t,t,annuelle,6429561,849062.125,360
544367.124117981,5613527.6196671,Drôme,Bourg-lès-Valence,26058,2020/01/01 00:00:00+00,2021/01/01 00:00:00+00,A7 Valence Est,FR36032,Urbain,trafic,dioxyde d'azote,8,µg/m³,25.1,t,t,annuelle,6429561,849062.125,361
544367.124117981,5613527.6196671,Drôme,Bourg-lès-Valence,26058,2021/01/01 00:00:00+00,2022/01/01 00:00:00+00,A7 Valence Est,FR36032,Urbain,trafic,dioxyde d'azote,8,µg/m³,23.4,t,t,annuelle,6429561,849062.125,362
544367.124117981,5613527.6196671,Drôme,Bourg-lès-Valence,26058,2022/01/01 00:00:00+00,2023/01/01 00:00:00+00,A7 Valence Est,FR36032,Urbain,trafic,dioxyde d'azote,8,µg/m³,25.3,f,t,annuelle,6429561,849062.125,363
544367.124117981,5613527.6196671,Drôme,Bourg-lès-Valence,26058,2023/01/01 00:00:00+00,2024/01/01 00:00:00+00,A7 Valence Est,FR36032,Urbain,trafic,dioxyde d'azote,8,µg/m³,23,t,t,annuelle,6429561,849062.125,364
542118.239118377,5703924.80337009,Isère,Vienne,38544,2022/01/01 00:00:00+00,2023/01/01 00:00:00+00,Vienne Jardin Ville,FR47101,Urbain,fond,dioxyde d'azote,8,µg/m³,0,f,f,annuelle,6493013.09042057,845965.416909867,365
